-- phpMyAdmin SQL Dump
-- version 5.2.0
-- https://www.phpmyadmin.net/
--
-- Host: mariadb
-- Generation Time: Dec 22, 2022 at 10:37 PM
-- Server version: 10.6.7-MariaDB-1:10.6.7+maria~focal
-- PHP Version: 8.0.25

SET SQL_MODE = "NO_AUTO_VALUE_ON_ZERO";
START TRANSACTION;
SET time_zone = "+00:00";


/*!40101 SET @OLD_CHARACTER_SET_CLIENT=@@CHARACTER_SET_CLIENT */;
/*!40101 SET @OLD_CHARACTER_SET_RESULTS=@@CHARACTER_SET_RESULTS */;
/*!40101 SET @OLD_COLLATION_CONNECTION=@@COLLATION_CONNECTION */;
/*!40101 SET NAMES utf8mb4 */;

--
-- Database: `rbonavig`
--

-- --------------------------------------------------------

--
-- Table structure for table `collezione`
--

CREATE TABLE `collezione` (
  `id` int(10) UNSIGNED NOT NULL,
  `nome` varchar(200) NOT NULL,
  `descrizione` varchar(10000) DEFAULT NULL,
  `locandina` varchar(100) DEFAULT NULL
) ENGINE=InnoDB DEFAULT CHARSET=utf8mb4;

--
-- Dumping data for table `collezione`
--

INSERT INTO `collezione` (`id`, `nome`, `descrizione`, `locandina`) VALUES
(0, '[en]Batman[/en] - Il cavaliere oscuro', 'La trilogia del cavaliere oscuro con protagonista [en]Batman[/en] è composta da tre film. In \"[en]Batman Begins[/en]\" [en]Bruce Wayne[/en] intraprende un addestramento fisico e psicologico per diventare [en]Batman[/en]. Ne \"Il cavaliere oscuro\" [en]Batman[/en] affronta il suo nemico di sempre, Il [en]Joker[/en]. Ne \"Il cavaliere oscuro - Il ritorno\" invece si trova faccia a faccia con [en]Bane[/en].', 'hGvOMQBD88jAV0olS2DT1AxreHn.jpg'),
(1, '[en]Avengers[/en]', '[en]Avengers[/en] è una serie di film di supereroi prodotta da [en]Marvel Studios[/en] basata sull\'omonimo team di supereroi [en]Marvel Comics[/en] e parte del [en]{abbr}Marvel Cinematic Universe;MCU{/abbr}[/en]. La serie racconta le avventure di diversi supereroi che uniscono le forze per mantenere la pace nel mondo guidati da [en]Nick Fury[/en] dell\'agenzia di intelligence internazionale [en]SHIELD[/en].', 'onIXErRZAtccMLPKxhFPRhxY6gu.jpg'),
(2, '[en]Matrix[/en]', 'Esistono due realtà: una è l\'esistenza che conduciamo ogni giorno, l\'altra è nascosta. [en]Thomas Anderson[/en], programmatore di software e [en]hacker[/en] con lo pseudonimo di \"[en]Neo[/en]\", viene contattato da [en]Morpheus[/en] che lo aiuta a scoprire che la realtà in cui vive non è altro che il [en]Matrix[/en], un mondo virtuale elaborato al computer creato per tenere sotto controllo le persone.', 'bV9qTVHTVf0gkW0j7p7M0ILD4pG.jpg'),
(3, 'Il Signore degli Anelli', 'Il Signore degli Anelli (in inglese [en]The Lord of the Rings[/en]) è una trilogia colossal fantasy co-prodotta, co-scritta e diretta del regista neozelandese [en]Peter Jackson[/en], basata sull\'omonimo romanzo scritto da [en]J. R. R. Tolkien[/en]. La saga è formata da Il Signore degli Anelli - La Compagnia dell\'Anello (2001), Il Signore degli Anelli - Le due torri (2002) e Il Signore degli Anelli - Il ritorno del re (2003).', 'lTVIlPNfhVBZvXU31xHea6Sm7zO.jpg'),
(4, '[en]Joker[/en]', NULL, NULL),
(5, '[en]Harry Potter[/en]', 'La serie di film di [en]Harry Potter[/en] è una serie di film basati sui romanzi di [en]Harry Potter[/en] di [en]J.K. Rowling[/en]. La serie è distribuita dalla [en]Warner Bros[/en]. e si compone di otto film fantasy a partire da [en]Harry Potter[/en] e la Pietra Filosofale (2001) e concludendosi con Harry Potter e i Doni della Morte - Parte 2 (2011)', 'xlaQ4yD2g97TmN2iVaWUdmpwJk7.jpg'),
(6, '[en]Star Wars[/en]', 'Star Wars è un [en]franchise colossal[/en] di fantascienza creato da [en]George Lucas[/en], che si sviluppa da una saga cinematografica iniziata nel 1977 col film Guerre stellari e sottotitolato retroattivamente Episodio IV - Una nuova speranza. A questo film sono seguiti L\'Impero colpisce ancora (1980) e Il ritorno dello Jedi (1983)che insieme formano la \"trilogia originale\" alla quale seguì dal 2002 una trilogia [en]prequel[/en], e una trilogia sequel dal 2015.', 'lBdOIyD5rOJA34qiDi3yrZqdbg7.jpg'),
(7, 'Ritorno al futuro', 'La trilogia di Ritorno al futuro narra delle peripezie a cavallo di varie epoche della storia statunitense (il 1955, il 1985, il 2015 e il 1885) affrontate dal giovane [en]Marty McFly[/en] ([en]Michael J. Fox[/en]) e dal suo amico, lo stravagante scienziato [en]Emmett \"Doc\" Brown[/en] ([en]Christopher Lloyd[/en]), inventore di una bizzarra macchina del tempo ricavata da una DeLorean DMC-12. Nel corso dei tre episodi i due si trovano a risolvere diversi problemi per evitare catastrofici paradossi temporali.', '8sqpH7lGZuvima0PUZLCh7slLXD.jpg'),
(8, 'Il padrino', 'Trilogia di [en]Francis[/en] Ford Coppola sulla vita quotidiana di una famiglia mafiosa di [en]New York[/en]. Con il suo cast stellare questi film sono passati alla storia come alcuni dei più grandi capolavori che [en]Hollywood[/en] abbia mai prodotto.', 'asbHC0dhjmmEJFfKzeZ5I6kxZnM.jpg'),
(9, '[en]Spider-Man (Avengers)[/en]', 'Nuovo [en]reboot[/en] di [en]spider-man[/en] ambientato nell\'universo [en]{abbr}Marvel Cinematic Universe;MCU{/abbr}[/en]. I [en]Marvel Studios[/en] e [en]Sony[/en] hanno annunciato un accordo per condividere i film [en]Spider-Man[/en], portando ad una interazione di [en]Spider-Man[/en] con i personaggi [en]Marvel[/en] nell\'[en]{abbr}Marvel Cinematic Universe;MCU{/abbr}[/en]. [en]Tom Holland[/en] interpreta questa versione più giovane di [en]Spider-Man[/en], che appare in [en]Captain America: Civil War[/en] (2016), [en]Spider-Man: Homecoming[/en] (2017), [en]Avengers: Infinity War[/en] (2018), [en]Avengers: Endgame[/en] (2019) e \"[en]Spider-Man: Homecoming[/en]\" (2019). I film di questo universo con [en]spider-man[/en] protgonista sono \"[en]Spider-Man: Homecoming[/en]\" del 2017 e \"[en]Spider-Man: Far from Home[/en]\" del 2019.', 'plxMngMDZ3r2OSPn84UlyNHkmwi.jpg'),
(10, 'Il re leone', NULL, '1tip3TnNcSPUEPkitpwsbdyWfod.jpg'),
(11, '[en]Shining[/en]', NULL, 'oeuzvbyE1bCsNUndKv1acHbmtmg.jpg'),
(12, '[en]Hannibal Lecter[/en]', '[en]Hannibal Lecter[/en] è una serie di film thriller psicologici americani, adattati dal romanzo di [en]Thomas Harris[/en] con lo stesso nome. [en]Hannibal[/en] è un sequel del film vincitore del 1991 Oscar® [en]The Silence of the Lambs[/en] che restituisce [en]Anthony Hopkins[/en] al suo iconico ruolo di [en]serial killer[/en] [en]Hannibal Lecter[/en]. [en]Julianne Moore[/en] è coprotagonista, subentrando a [en]Jodie Foster[/en] nel ruolo dell\'agente dell\'[en]FBI[/en] [en]Clarice Starling[/en]. Il prequel di [en]Red Dragon[/en] vede [en]Edward Norton[/en] nel ruolo dell\'agente dell\'[en]FBI[/en] [en]Will Graham[/en]. [en]Original Manhunter[/en] e [en]Hannibal Rising sans Hopkins[/en].', '7xjVZRMS2GXq5ypKr8wX2ZpAX38.jpg'),
(13, '[en]Alien[/en]', 'La saga di [en]Alien[/en] è ambientata tra il ventunesimo e ventiquattresimo secolo. La protagonista [en]Ellen Ripley[/en] è coinvolta in uno scontro con l\'azienda immaginaria [en]Weyland-Yutani[/en], che intende trasportare esemplari d\'una razza aliena ostile detta Xenomorfo sulla Terra. La serie [en]prequel[/en] segue gli intrighi dell\'androide [en]David[/en] 8, e mostra la genesi dell\'umanità grazie agli Ingegneri e l\'origine degli Xenomorfi.', 'vsCjNAyoF0POaGG0dRcQVQYtoZu.jpg'),
(14, '[en]Spider-Man[/en]: Un nuovo universo', NULL, 'eD4bGQNfmqExIAzKdvX5gDHhI2.jpg'),
(15, '[en]Terminator[/en]', 'I [en]Terminator[/en] sono [en]cyborg[/en], androidi o semplici robot, ideati dall\'intelligenza artificiale [en]Skynet[/en], un supercomputer che acquista autocoscienza e si pone come obiettivo la distruzione del genere umano usando le stesse armi create dall\'uomo per la propria difesa. Per annientare il leader della resistenza umana, [en]skynet[/en] manda indietro nel tempo dei [en]Terminator[/en] con lo scopo di eliminarlo cambiando il corso della storia.', 'kpZxdNsAV7qTdTLwKM5NLqa7GEo.jpg'),
(16, 'Odissea nello spazio', 'La serie [en]Space Odyssey[/en] è una serie di fantascienza composta da due adattamenti cinematografici tratti dalle opere di [en]Arthur C. Clarke.[/en] \'2001: Odissea nello spazio\' - un film e un romanzo - prodotti contemporaneamente e pubblicati nel 1968 e \'2010: L\'anno del contatto\', un adattamento di [en]Peter Hyams[/en].', '5YWqk2QqZx4OuSi29Sg7EuAwuZf.jpg'),
(17, '[ja]Makoto Shinkai[/ja] - [en]Works[/en]', NULL, '8i8cfsIhOHEBoub86gQmrrehVxQ.jpg'),
(18, '[en]Psycho[/en]', NULL, '2cFhmOImIv5VPbc2ieLRPCFacAh.jpg'),
(19, 'Crudelia', NULL, 'lXiLDlf1AKOY6i0eOZ7gi7zLH2O.jpg'),
(20, '[en]Wonder[/en]', NULL, NULL),
(21, 'La Cosa', 'E\' già dura e difficile la vita di un gruppo di 12 scienziati in una base americana dell\'Alaska. A renderla del tutto impossibile arriva all\'improvviso la \"cosa\", una sostanza vivente che le radiazioni atomiche hanno dissepolto dopo millenni di silenzio sotto i ghiacci eterni dell\'Artide. La \"cosa\" tenta di aggredire animali ed esseri umani e di assumere di volta in volta le loro sembianze. Ben presto mostruose apparizioni e orrende morti convincono gli ospiti della base che tra di loro c\'è un contagiato dalla \"cosa\". Comincia così un gioco di massacro fatto di sospetti, di diffidenze, di vendette.', 'kFDZrotAIzNoelHZVYbDjVnlOeO.jpg'),
(22, '[en]Top Gun[/en]', 'Serie cinematografica basata sul personaggio del tenente [en]Pete \"Maverick\" Mitchell[/en], aviatore della Marina statunitense.', 'zHnCrJ6XJlQWrvETaT7D0SnKu15.jpg'),
(23, '[en]Sing[/en]', NULL, 'h151oRzvsxfKRznEmlQJRlnvsid.jpg'),
(24, '[en]Demon Slayer[/en]: [ja]Kimetsu no Yaiba[/ja]', NULL, 'q8wplgnax24RuOlUnDBT0hIZ2tr.jpg');

-- --------------------------------------------------------

--
-- Table structure for table `crew`
--

CREATE TABLE `crew` (
  `film` bigint(20) UNSIGNED NOT NULL,
  `persona` int(10) UNSIGNED NOT NULL,
  `ruolo` smallint(5) UNSIGNED NOT NULL
) ENGINE=InnoDB DEFAULT CHARSET=utf8mb4;

--
-- Dumping data for table `crew`
--

INSERT INTO `crew` (`film`, `persona`, `ruolo`) VALUES
(0, 0, 3),
(0, 1, 0),
(0, 1, 1),
(0, 1, 2),
(0, 2, 2),
(0, 3, 2),
(0, 4, 2),
(1, 0, 3),
(1, 1, 0),
(1, 1, 1),
(1, 1, 2),
(1, 2, 2),
(1, 5, 1),
(1, 6, 2),
(2, 0, 3),
(2, 1, 0),
(2, 1, 2),
(2, 2, 2),
(2, 7, 2),
(2, 8, 3),
(2, 9, 2),
(3, 10, 3),
(3, 11, 2),
(3, 12, 0),
(3, 13, 0),
(3, 14, 2),
(4, 15, 2),
(4, 16, 0),
(4, 17, 2),
(4, 18, 2),
(4, 19, 3),
(4, 20, 3),
(5, 21, 0),
(5, 22, 2),
(6, 10, 3),
(6, 23, 0),
(6, 24, 2),
(6, 25, 2),
(6, 26, 2),
(7, 21, 0),
(7, 21, 1),
(7, 27, 2),
(7, 28, 2),
(7, 29, 2),
(8, 30, 3),
(8, 31, 0),
(8, 32, 2),
(9, 33, 2),
(9, 34, 3),
(9, 35, 0),
(9, 35, 1),
(9, 36, 0),
(9, 36, 1),
(10, 10, 3),
(10, 11, 2),
(10, 12, 0),
(10, 13, 0),
(11, 37, 2),
(11, 38, 3),
(11, 39, 0),
(11, 39, 2),
(11, 40, 2),
(11, 41, 2),
(12, 42, 1),
(12, 43, 2),
(12, 44, 2),
(12, 45, 0),
(12, 45, 1),
(12, 45, 2),
(12, 46, 3),
(13, 47, 0),
(13, 47, 2),
(13, 48, 2),
(13, 49, 2),
(14, 43, 2),
(14, 47, 0),
(14, 47, 2),
(14, 50, 2),
(14, 51, 2),
(14, 52, 2),
(15, 37, 2),
(15, 38, 3),
(15, 39, 0),
(15, 39, 2),
(15, 40, 2),
(16, 21, 0),
(16, 21, 1),
(16, 22, 2),
(17, 37, 2),
(17, 38, 3),
(17, 39, 0),
(17, 39, 2),
(17, 40, 2),
(18, 9, 2),
(18, 53, 3),
(18, 54, 2),
(18, 55, 2),
(18, 56, 0),
(18, 57, 2),
(19, 16, 0),
(19, 38, 3),
(19, 58, 2),
(19, 59, 1),
(19, 60, 2),
(20, 55, 2),
(20, 61, 3),
(20, 62, 2),
(20, 63, 0),
(20, 64, 2),
(21, 53, 3),
(21, 65, 0),
(21, 65, 1),
(21, 66, 2),
(21, 67, 2),
(22, 10, 3),
(22, 23, 0),
(22, 23, 1),
(22, 68, 1),
(22, 68, 2),
(22, 69, 2),
(23, 70, 0),
(23, 71, 2),
(23, 72, 3),
(24, 73, 0),
(24, 74, 2),
(24, 75, 3),
(25, 30, 3),
(25, 76, 0),
(25, 77, 2),
(25, 78, 2),
(26, 11, 2),
(26, 75, 3),
(26, 79, 1),
(26, 80, 0),
(26, 81, 1),
(26, 82, 2),
(27, 0, 3),
(27, 83, 0),
(27, 84, 2),
(27, 85, 0),
(28, 0, 3),
(28, 86, 0),
(28, 87, 2),
(28, 88, 2),
(28, 89, 2),
(28, 90, 3),
(29, 91, 0),
(29, 92, 2),
(29, 93, 1),
(29, 93, 2),
(29, 94, 2),
(29, 95, 2),
(29, 96, 3),
(30, 97, 2),
(30, 98, 0),
(30, 98, 2),
(30, 99, 3),
(30, 100, 2),
(30, 101, 2),
(30, 102, 2),
(30, 103, 2),
(30, 104, 1),
(30, 105, 2),
(31, 106, 3),
(31, 107, 0),
(31, 108, 0),
(31, 109, 2),
(31, 110, 2),
(31, 111, 2),
(32, 61, 3),
(32, 112, 0),
(32, 113, 2),
(32, 114, 2),
(32, 115, 2),
(33, 116, 0),
(33, 116, 2),
(33, 117, 3),
(33, 118, 3),
(34, 119, 0),
(34, 119, 2),
(34, 120, 2),
(34, 121, 3),
(34, 122, 2),
(34, 123, 2),
(35, 53, 3),
(35, 66, 2),
(35, 67, 2),
(35, 124, 2),
(35, 125, 0),
(36, 30, 3),
(36, 31, 0),
(36, 31, 2),
(36, 126, 2),
(37, 38, 3),
(37, 127, 0),
(37, 128, 2),
(37, 129, 2),
(37, 130, 2),
(38, 53, 3),
(38, 131, 2),
(38, 132, 0),
(38, 132, 2),
(38, 133, 2),
(38, 134, 2),
(39, 1, 0),
(39, 1, 2),
(39, 2, 2),
(39, 135, 2),
(39, 136, 3),
(40, 137, 0),
(40, 137, 1),
(40, 138, 3),
(40, 139, 2),
(41, 53, 3),
(41, 88, 2),
(41, 132, 0),
(41, 132, 2),
(41, 140, 2),
(42, 38, 3),
(42, 47, 0),
(42, 100, 2),
(42, 141, 2),
(42, 142, 2),
(43, 61, 3),
(43, 92, 2),
(43, 143, 0),
(43, 143, 2),
(43, 144, 2),
(43, 145, 2),
(44, 146, 0),
(44, 147, 3),
(44, 148, 2),
(44, 149, 2),
(45, 1, 0),
(45, 136, 3),
(45, 150, 2),
(45, 151, 2),
(46, 152, 2),
(46, 153, 2),
(46, 154, 2),
(46, 155, 0),
(46, 155, 1),
(46, 156, 2),
(46, 157, 3),
(47, 158, 0),
(47, 159, 2),
(47, 160, 3),
(48, 21, 0),
(48, 21, 1),
(48, 22, 2),
(48, 161, 1),
(49, 86, 0),
(49, 162, 2),
(49, 163, 2),
(49, 164, 3),
(49, 165, 2),
(50, 82, 2),
(50, 166, 2),
(50, 167, 2),
(50, 168, 0),
(50, 169, 2),
(50, 170, 0),
(50, 171, 2),
(50, 172, 3),
(50, 173, 0),
(51, 174, 0),
(51, 175, 2),
(51, 176, 3),
(51, 177, 2),
(51, 178, 2),
(51, 179, 2),
(51, 180, 2),
(51, 181, 2),
(51, 182, 2),
(52, 183, 0),
(52, 184, 2),
(52, 185, 2),
(52, 186, 3),
(53, 116, 0),
(53, 116, 2),
(53, 117, 3),
(54, 187, 0),
(54, 187, 1),
(54, 187, 2),
(54, 188, 1),
(54, 189, 3),
(55, 47, 0),
(55, 190, 2),
(56, 191, 2),
(56, 192, 2),
(56, 193, 0),
(56, 193, 2),
(56, 194, 2),
(56, 195, 2),
(56, 196, 2),
(56, 197, 3),
(56, 198, 2),
(57, 30, 3),
(57, 199, 0),
(57, 200, 2),
(57, 201, 2),
(58, 70, 0),
(58, 70, 2),
(58, 72, 3),
(58, 202, 2),
(58, 203, 2),
(58, 204, 2),
(58, 205, 3),
(59, 22, 2),
(59, 206, 1),
(59, 207, 1),
(59, 208, 0),
(60, 47, 0),
(60, 209, 3),
(60, 210, 2),
(60, 211, 2),
(61, 212, 0),
(61, 213, 2),
(61, 214, 3),
(62, 215, 0),
(62, 216, 2),
(62, 217, 3),
(63, 218, 2),
(63, 219, 2),
(63, 220, 2),
(63, 221, 3),
(63, 222, 0),
(63, 223, 1),
(63, 224, 2),
(64, 116, 0),
(64, 116, 2),
(64, 225, 2),
(65, 226, 0),
(65, 226, 1),
(65, 226, 2),
(65, 227, 2),
(65, 228, 2),
(65, 229, 1),
(65, 229, 2),
(65, 230, 1),
(65, 230, 2),
(65, 231, 3),
(66, 91, 0),
(66, 232, 1),
(66, 233, 3),
(66, 234, 2),
(66, 235, 2),
(66, 236, 2),
(67, 237, 0),
(67, 237, 2),
(67, 238, 2),
(67, 239, 3),
(67, 240, 3),
(67, 241, 2),
(68, 242, 0),
(68, 242, 1),
(68, 243, 2),
(68, 244, 3),
(68, 245, 2),
(68, 246, 2),
(68, 247, 3),
(68, 248, 3),
(68, 249, 3),
(68, 250, 3),
(69, 251, 2),
(69, 252, 2),
(69, 253, 0),
(69, 254, 3),
(70, 98, 0),
(70, 98, 2),
(70, 255, 1),
(70, 256, 2),
(71, 116, 0),
(71, 116, 2),
(71, 257, 3),
(72, 258, 3),
(72, 259, 2),
(72, 260, 0),
(72, 260, 1),
(72, 260, 2),
(72, 261, 2),
(73, 262, 3),
(73, 263, 0),
(73, 264, 3),
(73, 265, 3),
(73, 266, 2),
(74, 209, 3),
(74, 267, 0),
(74, 267, 2),
(75, 268, 3),
(75, 269, 0),
(75, 270, 2),
(75, 271, 2),
(76, 7, 2),
(76, 272, 0),
(76, 273, 3),
(76, 274, 2),
(77, 275, 2),
(77, 276, 0),
(77, 277, 3),
(77, 278, 2),
(78, 0, 3),
(78, 279, 3),
(78, 280, 2),
(78, 281, 2),
(78, 282, 2),
(78, 283, 2),
(78, 283, 3),
(78, 284, 0),
(78, 284, 2),
(79, 75, 3),
(79, 285, 0),
(79, 285, 2),
(79, 286, 2),
(79, 287, 2),
(80, 137, 0),
(80, 138, 3),
(80, 139, 2),
(80, 288, 2),
(80, 289, 2),
(80, 290, 2),
(81, 291, 2),
(81, 292, 2),
(81, 293, 0),
(81, 294, 2),
(81, 295, 3),
(81, 296, 2),
(81, 297, 2),
(82, 298, 3),
(82, 299, 0),
(82, 299, 2),
(82, 300, 2),
(82, 301, 2),
(83, 302, 0),
(83, 303, 2),
(83, 304, 3),
(83, 305, 2),
(84, 306, 0),
(84, 307, 2),
(84, 308, 3),
(84, 309, 3),
(84, 310, 3),
(84, 311, 3),
(85, 312, 3),
(85, 313, 0),
(85, 314, 2),
(86, 70, 0),
(86, 70, 1),
(86, 70, 2),
(86, 70, 3),
(86, 205, 3),
(86, 315, 1),
(86, 316, 1),
(87, 317, 2),
(87, 318, 0),
(87, 319, 2),
(87, 320, 3),
(88, 321, 2),
(88, 322, 2),
(88, 323, 3),
(88, 324, 2),
(88, 325, 0),
(89, 30, 3),
(89, 54, 2),
(89, 326, 2),
(89, 327, 0),
(89, 328, 2),
(90, 137, 0),
(90, 138, 3),
(90, 139, 2),
(91, 137, 0),
(91, 137, 1),
(91, 138, 3),
(91, 139, 2),
(91, 289, 2),
(91, 329, 2),
(92, 281, 2),
(92, 282, 2),
(92, 330, 0),
(92, 330, 2),
(92, 331, 3),
(92, 332, 1),
(93, 333, 2),
(93, 334, 2),
(93, 335, 2),
(93, 336, 2),
(93, 337, 2),
(93, 338, 2),
(93, 339, 2),
(93, 340, 2),
(93, 341, 2),
(93, 342, 3),
(93, 343, 3),
(94, 344, 2),
(94, 345, 2),
(94, 346, 2),
(94, 347, 3),
(94, 348, 3),
(94, 349, 0),
(95, 350, 2),
(95, 351, 2),
(95, 352, 0),
(95, 353, 3),
(95, 354, 2),
(95, 355, 2),
(96, 356, 3),
(96, 357, 0),
(96, 358, 2),
(96, 359, 3),
(97, 312, 3),
(97, 360, 0),
(97, 360, 3),
(97, 361, 2),
(97, 362, 3),
(97, 363, 2),
(98, 364, 2),
(98, 365, 2),
(98, 366, 0),
(98, 367, 3),
(98, 368, 2),
(98, 369, 2),
(99, 267, 0),
(99, 267, 2),
(99, 370, 3),
(100, 371, 0),
(100, 371, 2),
(100, 372, 2),
(100, 373, 2),
(100, 374, 3),
(101, 375, 2),
(101, 376, 3),
(101, 377, 2),
(101, 378, 0),
(101, 379, 2),
(101, 380, 2),
(102, 0, 3),
(102, 255, 2),
(102, 381, 2),
(102, 382, 2),
(102, 383, 3),
(102, 384, 2),
(102, 385, 0),
(102, 386, 3),
(103, 387, 3),
(103, 388, 2),
(103, 389, 1),
(103, 390, 0),
(103, 390, 2),
(103, 391, 1),
(103, 392, 3),
(104, 209, 3),
(104, 267, 0),
(104, 267, 2),
(105, 47, 0),
(105, 393, 2),
(106, 116, 0),
(106, 116, 2),
(106, 225, 2),
(106, 394, 3),
(107, 209, 3),
(107, 395, 0),
(107, 395, 2),
(108, 367, 3),
(108, 396, 2),
(108, 397, 2),
(108, 398, 0),
(108, 399, 1),
(109, 400, 3),
(109, 401, 0),
(109, 402, 2),
(110, 312, 3),
(110, 313, 0),
(110, 403, 2),
(111, 329, 2),
(111, 404, 0),
(111, 405, 3),
(112, 406, 0),
(112, 407, 1),
(112, 408, 2),
(112, 409, 2),
(112, 410, 2),
(112, 411, 3),
(113, 412, 2),
(113, 413, 0),
(113, 414, 3),
(113, 415, 3),
(114, 416, 3),
(114, 417, 2),
(114, 418, 0),
(114, 419, 2),
(114, 420, 2),
(115, 312, 3),
(115, 313, 0),
(115, 421, 2),
(116, 312, 3),
(116, 422, 2),
(116, 423, 0),
(116, 424, 2),
(116, 425, 1),
(117, 251, 2),
(117, 253, 0),
(117, 426, 3),
(118, 427, 0),
(118, 427, 2),
(118, 428, 3),
(119, 429, 2),
(119, 430, 2),
(119, 431, 0),
(119, 431, 2),
(119, 432, 3),
(120, 433, 2),
(120, 434, 3),
(120, 435, 0),
(120, 435, 1),
(120, 436, 2),
(121, 312, 3),
(121, 313, 0),
(121, 314, 2),
(121, 437, 2),
(122, 438, 0),
(122, 439, 2),
(123, 440, 2),
(123, 441, 0),
(123, 442, 2),
(123, 443, 3),
(123, 444, 2),
(123, 445, 2),
(123, 446, 2),
(124, 417, 2),
(124, 419, 2),
(124, 447, 0),
(124, 447, 2),
(124, 448, 2),
(124, 449, 2),
(124, 450, 2),
(124, 451, 2),
(125, 452, 2),
(125, 453, 0),
(125, 453, 2),
(125, 454, 2),
(125, 455, 2),
(126, 456, 0),
(126, 456, 2),
(126, 456, 3),
(127, 457, 3),
(127, 458, 0),
(127, 459, 3),
(127, 460, 2),
(127, 461, 2),
(128, 119, 0),
(128, 119, 1),
(128, 462, 2),
(128, 463, 3),
(128, 464, 1),
(128, 465, 2),
(128, 466, 2),
(129, 306, 0),
(129, 306, 1),
(129, 307, 2),
(129, 309, 3),
(129, 467, 1),
(130, 468, 0),
(130, 468, 2),
(130, 469, 2),
(130, 470, 3),
(131, 471, 0),
(131, 472, 2),
(131, 473, 3),
(132, 474, 3),
(132, 475, 0),
(132, 476, 2),
(133, 477, 3),
(133, 478, 0),
(133, 479, 3),
(133, 480, 2),
(133, 481, 2),
(133, 482, 2),
(134, 456, 0),
(134, 456, 1),
(134, 456, 2),
(134, 456, 3),
(134, 483, 3),
(135, 484, 3),
(135, 485, 1),
(135, 485, 2),
(135, 486, 2),
(135, 487, 2),
(135, 488, 1),
(135, 489, 0),
(135, 490, 2),
(136, 491, 2),
(136, 492, 0),
(136, 493, 0),
(136, 494, 3),
(137, 495, 0),
(137, 496, 2),
(137, 497, 3),
(138, 498, 0),
(138, 498, 1),
(138, 498, 2),
(138, 499, 2),
(138, 500, 3),
(139, 106, 3),
(139, 501, 2),
(139, 502, 2),
(139, 503, 2),
(139, 504, 0),
(139, 505, 2),
(139, 506, 2),
(140, 0, 3),
(140, 1, 0),
(140, 1, 2),
(140, 2, 2),
(140, 7, 2),
(141, 0, 3),
(141, 1, 0),
(141, 2, 2),
(141, 7, 2),
(141, 8, 3),
(141, 9, 2),
(141, 507, 2),
(142, 10, 3),
(142, 11, 2),
(142, 508, 0),
(143, 11, 2),
(143, 387, 3),
(143, 508, 0),
(143, 508, 1),
(143, 509, 3),
(144, 33, 2),
(144, 34, 3),
(144, 35, 0),
(144, 36, 0),
(145, 33, 2),
(145, 34, 3),
(145, 35, 0),
(145, 36, 0),
(146, 36, 0),
(146, 36, 1),
(146, 36, 2),
(146, 510, 3),
(146, 511, 3),
(146, 512, 2),
(146, 513, 2),
(146, 514, 1),
(146, 515, 1),
(147, 42, 1),
(147, 43, 2),
(147, 45, 0),
(147, 45, 1),
(147, 45, 2),
(147, 516, 2),
(148, 53, 3),
(148, 54, 0),
(148, 55, 2),
(149, 53, 3),
(149, 54, 0),
(149, 55, 2),
(150, 55, 2),
(150, 517, 3),
(150, 518, 0),
(151, 55, 2),
(151, 63, 0),
(151, 64, 2),
(151, 519, 3),
(152, 55, 2),
(152, 63, 0),
(152, 64, 2),
(152, 519, 3),
(153, 55, 2),
(153, 61, 3),
(153, 62, 2),
(153, 63, 0),
(153, 64, 2),
(154, 53, 3),
(154, 67, 2),
(154, 124, 2),
(154, 520, 0),
(155, 53, 3),
(155, 65, 0),
(155, 67, 2),
(156, 9, 2),
(156, 53, 3),
(156, 65, 0),
(156, 65, 2),
(156, 67, 2),
(157, 53, 3),
(157, 65, 0),
(157, 67, 2),
(158, 53, 3),
(158, 521, 2),
(158, 522, 1),
(158, 523, 0),
(158, 523, 2),
(158, 524, 2),
(159, 53, 3),
(159, 521, 2),
(159, 523, 0),
(159, 523, 2),
(159, 525, 2),
(160, 53, 3),
(160, 521, 2),
(160, 526, 0),
(160, 527, 2),
(160, 528, 2),
(160, 529, 2),
(161, 10, 3),
(161, 23, 0),
(161, 68, 2),
(161, 69, 2),
(162, 10, 3),
(162, 23, 0),
(162, 68, 2),
(162, 69, 2),
(163, 70, 0),
(163, 70, 2),
(163, 202, 2),
(163, 203, 2),
(163, 205, 3),
(163, 530, 2),
(163, 531, 2),
(163, 532, 2),
(164, 11, 2),
(164, 75, 3),
(164, 79, 1),
(164, 80, 0),
(164, 80, 1),
(164, 81, 1),
(164, 82, 2),
(164, 533, 1),
(164, 534, 1),
(164, 535, 1),
(165, 11, 2),
(165, 79, 1),
(165, 80, 0),
(165, 82, 2),
(166, 536, 3),
(166, 537, 0),
(166, 538, 2),
(166, 539, 2),
(166, 540, 2),
(166, 541, 2),
(166, 542, 2),
(166, 543, 2),
(167, 544, 3),
(167, 545, 0),
(167, 546, 2),
(168, 547, 2),
(168, 548, 2),
(168, 549, 0),
(168, 550, 3),
(168, 551, 3),
(169, 509, 3),
(169, 552, 2),
(169, 553, 2),
(169, 554, 0),
(170, 0, 3),
(170, 86, 0),
(170, 86, 2),
(170, 552, 2),
(170, 553, 2),
(171, 552, 2),
(171, 553, 2),
(171, 555, 3),
(171, 556, 0),
(171, 557, 2),
(171, 558, 3),
(172, 187, 0),
(172, 559, 2),
(172, 560, 3),
(173, 16, 0),
(173, 162, 2),
(173, 163, 2),
(173, 165, 2),
(173, 561, 3),
(174, 162, 2),
(174, 163, 2),
(174, 165, 2),
(174, 562, 0),
(174, 563, 3),
(174, 564, 2),
(175, 82, 2),
(175, 166, 2),
(175, 167, 2),
(175, 169, 2),
(175, 171, 2),
(175, 172, 3),
(175, 565, 0),
(175, 566, 0),
(175, 567, 0),
(176, 82, 2),
(176, 166, 2),
(176, 167, 2),
(176, 169, 2),
(176, 171, 2),
(176, 565, 0),
(176, 566, 0),
(176, 567, 0),
(177, 187, 0),
(177, 187, 1),
(177, 189, 3),
(177, 559, 1),
(177, 559, 2),
(178, 331, 3),
(178, 568, 2),
(178, 569, 0),
(178, 570, 2),
(178, 571, 2),
(178, 572, 2),
(178, 573, 2),
(178, 574, 2),
(179, 509, 3),
(179, 575, 1),
(179, 576, 1),
(179, 577, 0),
(179, 578, 2),
(179, 579, 2),
(179, 580, 2),
(179, 581, 2),
(180, 384, 2),
(180, 582, 2),
(180, 583, 0),
(180, 584, 3),
(181, 187, 2),
(181, 273, 3),
(181, 384, 2),
(181, 585, 0),
(182, 586, 3),
(182, 587, 0),
(182, 587, 2),
(183, 242, 0),
(183, 242, 1),
(183, 588, 2),
(183, 589, 3),
(184, 242, 0),
(184, 243, 2),
(184, 244, 3),
(184, 590, 2),
(184, 591, 2),
(185, 242, 0),
(185, 244, 3),
(185, 592, 3),
(186, 242, 0),
(187, 242, 0),
(187, 242, 1),
(187, 589, 3),
(188, 242, 0),
(188, 242, 2),
(188, 246, 2),
(188, 588, 2),
(188, 593, 3),
(188, 594, 2),
(189, 242, 0),
(189, 242, 2),
(189, 593, 3),
(189, 595, 2),
(190, 242, 0),
(190, 242, 2),
(190, 593, 3),
(191, 242, 0),
(191, 242, 1),
(191, 242, 2),
(191, 593, 3),
(191, 596, 2),
(192, 242, 0),
(192, 242, 1),
(192, 593, 3),
(193, 242, 0),
(194, 242, 0),
(194, 242, 1),
(195, 164, 3),
(195, 597, 2),
(195, 598, 0),
(195, 599, 1),
(196, 258, 3),
(196, 597, 2),
(196, 600, 0),
(197, 601, 3),
(197, 602, 1),
(197, 603, 2),
(197, 604, 0),
(197, 605, 2),
(198, 293, 0),
(198, 606, 1),
(199, 30, 3),
(199, 303, 2),
(199, 305, 2),
(199, 607, 0),
(199, 608, 2),
(200, 331, 3),
(200, 609, 2),
(200, 610, 2),
(200, 611, 1),
(200, 612, 0),
(201, 381, 2),
(201, 383, 3),
(201, 613, 2),
(201, 614, 0),
(201, 615, 1),
(201, 616, 1),
(202, 433, 2),
(202, 434, 2),
(202, 434, 3),
(202, 435, 0),
(202, 435, 1),
(202, 436, 2),
(203, 478, 0),
(203, 617, 1),
(204, 478, 0),
(204, 617, 1),
(205, 478, 0),
(206, 478, 0),
(207, 478, 0);

-- --------------------------------------------------------

--
-- Table structure for table `film`
--

CREATE TABLE `film` (
  `id` bigint(20) UNSIGNED NOT NULL,
  `nome` varchar(200) NOT NULL,
  `nome_originale` varchar(200) NOT NULL,
  `durata` smallint(5) UNSIGNED DEFAULT NULL,
  `locandina` varchar(100) DEFAULT NULL,
  `descrizione` varchar(10000) DEFAULT NULL,
  `stato` tinyint(3) UNSIGNED NOT NULL DEFAULT 0,
  `data_rilascio` date DEFAULT NULL,
  `budget` int(10) UNSIGNED DEFAULT NULL,
  `incassi` int(10) UNSIGNED DEFAULT NULL,
  `collezione` int(10) UNSIGNED DEFAULT NULL,
  `voto` float UNSIGNED DEFAULT NULL
) ENGINE=InnoDB DEFAULT CHARSET=utf8mb4;

--
-- Dumping data for table `film`
--

INSERT INTO `film` (`id`, `nome`, `nome_originale`, `durata`, `locandina`, `descrizione`, `stato`, `data_rilascio`, `budget`, `incassi`, `collezione`, `voto`) VALUES
(0, '[en]Inception[/en]', '[en]Inception[/en]', 148, '5QHWgqaBxZI1eM5e3YhyKzY5o3z.jpg', '[en]Dom Cobb[/en] possiede una qualifica speciale: è in grado di inserirsi nei sogni altrui per prelevare i segreti nascosti nel più profondo del subconscio. Viene contattato da [ja]Saito[/ja], un potentissimo industriale di origine giapponese, il quale gli chiede di tentare l\'operazione opposta. Non deve prelevare pensieri celati ma inserire un\'idea che si radichi nella mente di una persona. Costui è [en]Robert Fischer Jr.[/en] il quale, alla morte dell\'anziano e dittatoriale genitore, dovrà convincersi che l\'unica cosa che può fare è distruggere l\'impero ereditato. Saito avrà allora campo libero. In cambio offrirà a Cobb la possibilità di rientrare negli Stati Uniti dove è ricercato per omicidio. Cobb accetta e si fa affiancare da un team di cui entra a far parte la giovane [en]Ariadne[/en], architetto abilissimo nella costruzione di spazi virtuali.', 5, '2010-07-15', 160000000, 825532764, NULL, NULL),
(1, '[en]Interstellar[/en]', '[en]Interstellar[/en]', 169, '9PTvvflydmTnfvMWMAwMMkV7X2s.jpg', 'In seguito alla scoperta di un cunicolo spazio-temporale, un gruppo di esploratori si avventura in una eroica missione per tentare di superare i limiti della conquista spaziale e oltrepassare le distanze che fino a quel momento avevano reso impraticabili i viaggi interstellari. L\'obiettivo è quello di trovare nuovi luoghi dove coltivare il granoturco, l\'unica coltivazione rimasta dopo un drastico cambiamento climatico che ha colpito soprattutto l\'agricoltura.', 5, '2014-11-05', 165000000, 701729206, NULL, NULL),
(2, 'Il cavaliere oscuro', '[en]The Dark Knight[/en]', 146, 'qIhsgno1mjbzUbs4H6DaRjhskAR.jpg', 'Il crimine organizzato a [en]Gotham City[/en] ha le ore contate. [en]Batman[/en], il tenente Gordon, il nuovo Procuratore Distrettuale e alcuni improbabili epigoni dell\'Uomo Pipistrello in imbottiture da [en]hockey[/en] hanno dichiarato guerra ai criminali. La loro fortuna e i loro dollari, accumulati in una banca di massima sicurezza, vengono rubati da [en]Joker[/en], un pagliaccio sadico e mascherato che getterà la città nel disordine e nell\'anarchia. Riempite le tasche di lame, polvere da sparo e lanugine, [en]Joker[/en] sfiderà il cavaliere oscuro di [en]Bruce Wayne[/en] e rivelerà il lato oscuro di [en]Harvey Dent[/en], l\'eroe procuratore che applica la giustizia e agisce a volto scoperto.', 5, '2008-07-14', 185000000, 1004558444, 0, NULL),
(3, '[en]Avengers - Infinity War[/en]', '[en]Avengers: Infinity War[/en]', 156, 'A404e70ZnvWFoWA517sySQXe8X6.jpg', 'Dalla nascita dell\'universo, sei gemme elementari rappresentano i vari aspetti fondamentali del cosmo e chi le possedesse tutte raggiungerebbe l\'onnipotenza. È questo l\'obiettivo di [en]Thanos[/en], il titano pazzo che ritiene se stesso come un correttivo alla sovrappopolazione universale e pensa di essere una misura necessaria e giusta, persino benevola, mentre agli altri il suo operato appare, correttamente, come una serie di genocidi. Gli [en]Avengers[/en] e i Guardiani della Galassia dovranno cercare di fermarlo, ma come se non bastasse la sua inarrestabile potenza ci sono dalla sua armate aliene e quattro letali \"figli\", ognuno deciso a consegnargli le gemme dell\'infinito.', 5, '2018-04-25', 300000000, 2046239637, 1, NULL),
(4, '[en]Fight Club[/en]', '[en]Fight Club[/en]', 139, 'rtNLQ8HbPElzEfrHjrzSr07prKT.jpg', 'Un uomo di trent\'anni è insofferente su tutto e la notte non riesce più a dormire. In cerca di qualche luogo dove scaricare la propria ansia si mette a frequentare quei corsi dove gruppi di malati gravi si riuniscono e confessano agli altri le rispettive situazioni. Mentre si lascia andare alla commozione e al pianto di fronte a quello che vede, l\'uomo fa la conoscenza prima di [en]Marla Singer[/en] poi di [en]Tyler Durden[/en]. Lei è una ragazza a sua volta alla deriva, incapace di scelte o decisioni; lui è un tipo deciso e vigoroso con un\'idea precisa in testa. Tyler fa saltare per aria l\'appartamento dell\'uomo e i due vanno a vivere insieme in una casa fatiscente. Deciso a coinvolgerlo nel suo progetto, [en]Tyler[/en] lo fa entrare in un \'[en]Fight Club[/en]\', uno stanzone sotterraneo dove ci si riunisce per picchiarsi e in questo modo sentirsi di nuovo vivi...', 5, '1999-10-15', 63000000, 100853753, NULL, NULL),
(5, '[en]Pulp Fiction[/en]', '[en]Pulp Fiction[/en]', 154, '9p10J9Xp7MuaVac56g8BwAuXEsA.jpg', 'Le vite di due [en]gangster[/en], di un pugile e della moglie di un potente boss della malavita finiscono per intrecciarsi in una paradossale storia di violenza, vendetta e redenzione.', 5, '1994-09-10', 8000000, 214179088, NULL, NULL),
(6, '[en]Forrest Gump[/en]', '[en]Forrest Gump[/en]', 137, 'pGZqc9jQ6F8klQZKm37NAAMH70o.jpg', 'Forrest Gump - un ragazzo non proprio idiota, ma dal basso coefficiente d\'intelligenza - racconta la sua storia a coloro che, uno dopo l\'altro, si siedono vicino a lui in attesa dell\'autobus. È stato in Vietnam, ha stretto la mano a tre presidenti, ha incontrato [en]Elvis[/en], ha assistito ai movimenti studenteschi, ha casualmente fatto esplodere il [en]Watergate[/en], ha suggerito le parole di \"[en]Imagine[/en]\" a [en]John Lennon[/en] e per tutta la vita è stato innamorato di una ragazza conosciuta fin da bambino.', 5, '1994-06-23', 55000000, 677387716, NULL, NULL),
(7, '[en]Django Unchained[/en]', '[en]Django Unchained[/en]', 165, '3Q41QdROiYoEMY0qXhfRMT5DbPd.jpg', 'Stati Uniti del Sud, alla vigilia della guerra civile. Il cacciatore di taglie di origine tedesca dottor [en]King Schultz[/en], su un carretto da dentista, è alla ricerca dei fratelli [en]Brittle[/en], per consegnarli alle autorità piuttosto morti che vivi e incassare la ricompensa. Per scovarli, libera dalle catene lo schiavo [en]Django[/en], promettendogli la libertà a missione completata. Tra i due uomini nasce così un sodalizio umano e professionale che li conduce attraverso l\'America delle piantagioni e degli orrori razzisti alla ricerca dei criminali in fuga e della moglie di [en]Django[/en], [en]Broomhilda[/en], venduta come schiava a qualche possidente negriero.', 5, '2012-12-25', 100000000, 425368238, NULL, NULL),
(8, 'Le ali della libertà', '[en]The Shawshank Redemption[/en]', 142, '9OxcvTJwZDjQTFvY2NxiwnSrQS6.jpg', 'Siamo nel 1946. Processato per l\'omicidio della moglie e del suo amante, [en]Andy[/en], un bancario del [en]New England[/en], viene condannato a un doppio ergastolo e recluso nel penitenziario di [en]Shawshank[/en]. All\'inizio è vittima delle violenze dei reclusi, poi però diventa il consulente finanziario delle guardie. Scopre così che il direttore falsifica i libri contabili intestando i conti a un fittizio [en]Randall Stevens[/en]. Fuggito di prigione attraverso un tunnel costruito negli anni, [en]Andy[/en] assume l\'identità di [en]Randall Stevens[/en], denuncia il direttore e va in Messico.', 5, '1994-09-23', 25000000, 28341469, NULL, NULL),
(9, '[en]Matrix[/en]', '[en]The Matrix[/en]', 136, '5uCQOswAMkOqUZiNzOxvckw59e3.jpg', 'Seguendo un tatuaggio sulla spalla di una ragazza, l\'[en]hacker Neo[/en] scopre che la cosiddetta \"realtà\" è solo un impulso elettrico fornito al cervello degli umani da un\'intelligenza artificiale. Per sopravvivere alla catastrofe l\'umanità ha infatti avuto bisogno delle macchine, ma queste hanno vinto e necessitano degli uomini come fonte di energia. L\'illusione in cui li fanno vivere è quindi finalizzata a \"coltivarli\" meglio. Nessuno è a conoscenza del tempo che è passato da quando il neurosimulatore ha assegnato una data fittizia al tempo. Solo [en]Neo[/en], con l\'aiuto del pirata informatico [en]Morpheus[/en] e della bella [en]Trinity[/en], può tentare di scoprire la verità, ma non sarà un\'impresa facile.', 5, '1999-03-30', 63000000, 463517383, 2, NULL),
(10, '[en]Avengers: Endgame[/en]', '[en]Avengers: Endgame[/en]', 181, '8miyORCKx1lMYtc5YmqHyiVLwDF.jpg', 'In seguito alle azioni di [en]Thanos[/en] nel precedente [en]Avengers: Infinity War[/en] la popolazione dell\'intero universo è stata dimezzata e tra i caduti c\'è stato anche [en]Nick Fury[/en]. Ma prima di morire questi è riuscito a lanciare un messaggio nello spazio alla potentissima [en]Capitan Marvel[/en], che tornata sulla Terra e di fronte a un gruppo di [en]Avengers[/en] afflitto dalla sconfitta e dal lutto, vuole prendere le cose in mano. Quello che ha fatto [en]Thanos[/en] però non si può risolvere con la semplice superforza e i colpi di energia...', 5, '2019-04-24', 356000000, 2797800564, 1, NULL),
(11, 'Il Signore degli Anelli - La compagnia dell\'anello', '[en]The Lord of the Rings: The Fellowship of the Ring[/en]', 179, 'xvjOBWfm32skiwIAU2iocb6fyC8.jpg', 'Bilbo Baggins ha deciso di celebrare il suo centoundicesimo compleanno in maniera molto particolare; alla fine della festa, abbandona parenti, amici, conoscenti e il suo affezionato nipote Frodo, cui lascia ogni cosa. Lo stregone Gandalf insiste perché lo hobbit lasci a Frodo anche il suo anello magico, su cui intende tenere un occhio vigile e fare alcune ricerche, perché potrebbe celare un mistero più inquietante di quanto non sembri. E così è; quello di Bilbo è l\'Unico Anello, l\'Anello per domarli, il cuore del potere del malefico Signore Oscuro Sauron, che sta tornando a tessere le sue trame di conquista e distruzione. Per impedirgli di vedere realizzato il suo sanguinoso disegno, l\'anello dovrà essere distrutto, cosa possibile soltanto nella fornace di Monte Fato, dove Sauron, secoli prima, lo forgiò.', 5, '2001-12-18', 93000000, 871368364, 3, NULL),
(12, '[en]Joker[/en]', '[en]Joker[/en]', 122, 'y1AthYH1r2j4N4cYn2HdrEGgrnJ.jpg', '[en]Arthur Fleck[/en] vive con l\'anziana madre in un palazzone fatiscente e sbarca il lunario facendo pubblicità per la strada travestito da clown, in attesa di avere il giusto materiale per realizzare il desiderio di fare il comico. La sua vita, però, è una tragedia: ignorato, calpestato, bullizzato, preso in giro da da chiunque, ha sviluppato un tic nervoso che lo fa ridere a sproposito incontrollabilmente, rendendolo inquietante e allontanando ulteriormente da lui ogni possibile relazione sociale. Ma un giorno [en]Arthur[/en] non ce la fa più e reagisce violentemente, pistola alla mano. Mentre la polizia di [en]Gotham City[/en] dà la caccia al [en]clown killer[/en], la popolazione lo elegge a eroe metropolitano, simbolo della rivolta degli oppressi contro l\'arroganza dei ricchi.', 5, '2019-10-01', 55000000, 1074251311, 4, NULL),
(13, '[en]Shutter Island[/en]', '[en]Shutter Island[/en]', 138, '1d5OayKwiupaGc0GTEemWWnhaFJ.jpg', 'Nel 1954, i due agenti federali [en]Teddy Daniels[/en] e [en]Chuck Aule[/en] vengono inviati con un battello a [en]Shutter Island[/en], a largo della costa est, per investigare sull\'improvvisa scomparsa di una pericolosa infanticida residente presso l\'istituto mentale [en]Ashecliffe, Rachel Solando[/en]. Il direttore dell\'istituto, il dottor [en]Cawley[/en], e i vari infermieri sostengono che la madre assassina si sia come dileguata dalla sua stanza senza lasciare alcuna traccia, ma l\'agente [en]Daniels[/en] pare nutrire fin dal principio dei forti sospetti sul modo di condurre l\'ospedale da parte del dottor [en]Cawley[/en] e del suo medico assistente, il dottor [en]Naehring[/en]. Un uragano costringe i due agenti a protrarre il soggiorno sull\'isola, durante il quale le indagini proseguono e particolari sempre più inquietanti emergono, mentre [en]Daniels[/en] continua ad avere delle visioni che riguardano la moglie defunta e le sue esperienze di guerra contro gli ufficiali nazisti.', 5, '2010-02-14', 80000000, 294800000, NULL, NULL),
(14, '[en]The Wolf of Wall Street[/en]', '[en]The Wolf of Wall Street[/en]', 180, 'hwg3pXw2m4HfRGbyRMIP8laf5Lf.jpg', 'Basato su una storia vera, [en]The Wolf of Wall Street[/en] segue l’impressionante ascesa e la caduta di [en]Jordan Belfort[/en] (interpretato dal tre volte candidato all’[en]Academy Award[/en]® Leonardo DiCaprio), il [en]broker[/en] di [en]New York[/en] che conquista una fortuna incredibile truffando milioni di investitori. Il film segue la folle cavalcata di [en]Belfort[/en], un giovane “nuovo arrivato” a [en]Wall Street[/en] che si trasforma via via in un corrotto manipolatore dei mercati e in un [en]cowboy[/en] della Borsa. Avendo conquistato rapidamente una ricchezza enorme, [en]Jordan[/en] la utilizza per comprarsi un’infinita gamma di afrodisiaci: donne, cocaina, automobili, la moglie supermodella e una vita leggendaria fatta di aspirazioni e acquisti senza limiti. Ma mentre la società di [en]Belfort[/en], la [en]Stratton Oakmont[/en], è sulla cresta dell’onda e sguazza nella gratificazione edonistica più estrema, la [en]{abbr}SEC{/abbr}[/en] e l’[en]{abbr}FBI{/abbr}[/en] tengono d’occhio il suo impero contrassegnato dagli eccessi.', 5, '2013-12-25', 100000000, 392000000, NULL, NULL),
(15, 'Il Signore degli Anelli - Il ritorno del re', '[en]The Lord of the Rings: The Return of the King[/en]', 201, '96XilLzI7bijsCG4l7oW6I62oad.jpg', 'Le forze di Sauron hanno attaccato la capitale di Gondor, Minas Tirith, nel suo assedio finale contro l\'umanità. Tenuto da un debole sovrintendente, quello che una volta era un fastoso regno non ha mai avuto così bisogno del proprio re. Mentre Gandalf tenta disperatamente di spingere lo smembrato esercito di Gondor ad agire, Thèoden si unisce ai guerrieri di Rohan per combattere assieme a loro. Pieno di coraggio e di appassionata lealtà, l\'esercito degli umani non riesce però a tener testa alle numerosissime legioni nemiche che giungono su tutto il regno. Ogni vittoria è accompagnata da un grande sacrificio. Malgrado le numerose perdite, la Compagnia si lancia verso la più grande battaglia mai affrontata, unita dall\'unico scopo di riuscire a tenere Sauron distratto e dare a Frodo una occasione per portare a termine la sua spedizione...', 5, '2003-12-01', 94000000, 1118888979, 3, NULL),
(16, 'Bastardi senza gloria', '[en]Inglourious Basterds[/en]', 153, 'lBOCVkZm788NzSbQRSxgEksf69x.jpg', 'Nella Francia occupata dai nazisti, durante la Seconda Guerra Mondiale, [fr]Shosanna Dreyfus[/fr] assiste all\'esecuzione della sua famiglia su ordine del colonnello nazista [de]Hans Landa[/de], ma riesce a fuggire a Parigi dove assume una nuova identità, come operatrice e titolare di un cinematografo. Nel frattempo, in un\'altra località europea, il tenente [de]Aldo Raine[/en] si mette alla guida di un gruppo di soldati ebrei conosciuti dai loro nemici come I Bastardi. Insieme ai suoi uomini, [de]Raine[/de] collabora con con l\'attrice tedesca [de]Bridget Von Hammersmark[/de], che in realtà è un agente segreto, in una missione speciale per rovesciare il Terzo [de]Reich[/de]. Il loro destino si incrocerà con quello della [de]Dreyfus[/de], che tra l\'altro sta pianificando una vendetta personale.', 5, '2009-08-19', 70000000, 321457747, NULL, NULL),
(17, 'Il Signore degli Anelli - Le due torri', '[en]The Lord of the Rings: The Two Towers[/en]', 180, 'fVKewiBPcY2dQujYEsnQmQ7lfRZ.jpg', 'La Compagnia dell\'Anello è divisa, e ogni speranza è riposta ora in Frodo e Sam, che stanno tentando di attraversare non visti i confini di Mordor, tallonati dall\'infido Gollum: Aragorn, Gimli e Legolas sono invece sulle tracce di Merry e Pipino, rapiti dagli Uruk-Hai di Saruman e in grave pericolo di vita. Attraverso alterne vicende, raggiungeranno la terra di Rohan e aiuteranno il Re Theoden nella sua guerra contro il traditore Saruman...', 5, '2002-12-18', 79000000, 926287400, 3, NULL),
(18, '[en]Harry Potter[/en] e il prigioniero di [en]Azkaban[/en]', '[en]Harry Potter and the Prisoner of Azkaban[/en]', 142, 'xTm1NVePaSKAypcPTJEM0tnGh6A.jpg', '[en]Harry Potter[/en] ha tredici anni e deve trascorrere ancora una volta le vacanze estive con i terribili zii [en]Dursley[/en], i suoi unici parenti, che hanno un atteggiamento davvero medioevale nei confronti della magia e vivono nel terrore che qualcuno scopra che il nipote frequenta la Scuola di Magia e Stregoneria di [en]Hogwarts[/en]. Tutto fila liscio fino all\'arrivo di zia [en]Marge[/en], la prepotente sorella di zio [en]Vernon[/en], che maltratta talmente tanto [en]Harry[/en] da spingerlo \"involontariamente\" a farla gonfiare come un mostruoso pallone che si libra nell\'aria. Temendo di essere punito dagli zii (e da [en]Hogwarts[/en], perchè il Ministero della Magia proibisce severamente agli studenti di usare le arti magiche nel mondo dei Babbani), [en]Harry[/en] fugge nella notte...', 5, '2004-05-31', 130000000, 789804554, 5, NULL),
(19, '[en]Seven[/en]', '[en]Se7en[/en]', 127, '1XHq0Z7BkjeQ9J5CLmWD0xX0DuB.jpg', 'Un [en]killer[/en] astuto e spietato sta uccidendo a raffica, nei modi più raccapriccianti, personaggi scelti con cura. Sulle sue tracce ci sono il giovane e ambizioso [en]Mills[/en], alla prima missione, e l\'esperto [en]Somerset[/en], ormai prossimo alla pensione; personalità opposte che mal si tollerano a vicenda. Imparano a \"convivere\" man mano che la caccia all\'assassino si fa più serrata e il mistero comincia a districarsi: il mostro sceglie le vittime e le uccide seguendo i sette peccati capitali (gola, avarizia, accidia, lussuria, superbia, invidia e ira).', 5, '1995-09-22', 33000000, 327311859, NULL, NULL),
(20, '[en]Harry Potter[/en] e i Doni della Morte - Parte 2', '[en]Harry Potter and the Deathly Hallows: Part 2[/en]', 130, 'xNCCG9bHted49BYFUlTkJq1sxbB.jpg', 'Occupati [en]Hogwarts[/en] e il mondo della magia, [en]Voldemort[/en] e i Mangiamorte hanno ormai un solo obiettivo: disperdere l\'esercito di Silente e uccidere Harry Potter, alla ricerca degli ultimi [en]Horcrux[/en]. Individuati con l\'immancabile aiuto di [en]Ron[/en] e [en]Hermione[/en] gli oggetti e i soggetti viventi che contengono l\'anima frantumata e separata dal corpo del Signore Oscuro, i tre ragazzi hanno bisogno di tempo per raggiungere quelle schegge di anima e farne scempio. Ripiegati a [en]Hogwarts[/en], presieduta da Severus Piton e difesa dai dissennatori, [en]Harry[/en] e compagni vengono accolti trionfalmente da [en]Neville Paciock[/en] e il suo esercito di dissidenti. Nella furia della battaglia [en]Harry[/en] scoprirà che tra il bianco di Silente e il nero di Piton esiste una zona grigia e una lacrima rivelatrice di ben altre verità. Recatosi al Pensatoio e versato il pianto e i ricordi di Piton, [en]Harry[/en] saprà finalmente cosa fare per annullare [en]Voldemort[/en].', 5, '2011-07-07', 125000000, 1341511219, 5, NULL),
(21, 'Guerre stellari', '[en]Star Wars[/en]', 121, 'fVqKwpvobwWy0P1UImZWIDuw4RI.jpg', 'In un lontano Impero Galattico è in atto una rivolta contro i suoi dispotici capi, tra i quali il più cattivo è [en]Lord Darth Vader[/en]. Prima di cadere nelle sue mani, la principessa [en]Leila Organa[/en], rappresentante dei ribelli, riesce ad affidare a due robot i piani della \"Morte Nera\" - la potentissima base spaziale di [en]Darth Vader[/en], capace di disintegrare un intero pianeta - e un appello al vecchio generale [en]Obi-Wan Kenobi[/en], che abita sul pianeta [en]Tatooine[/en], perché accorra in aiuto dei rivoltosi. Il messaggio viene raccolto dal giovane [en]Luke Skywalker[/en] che, rintracciato [en]Obi Wan Kenobi[/en], parte con lui in soccorso della principessa a bordo di un\'astronave guidata dal mercenario [en]Han Solo[/en] e dal suo secondo [en]Chewbacca[/en].', 5, '1977-05-25', 11000000, 775398007, 6, NULL),
(22, 'Ritorno al futuro', '[en]Back to the Future[/en]', 116, 'AkmUoSHkxW9txpzZ52gCcWweEkE.jpg', '[en]Marty McFly[/en] è stato catapultato per errore nel 1955, grazie alla macchina del tempo ideata dal suo amico scienziato Doc. Non avendo più \"carburante\" per poter tornare nel futuro si rivolge alla versione più giovane di Doc, che nonostante l\'incredulità iniziale si farà in quattro per aiutarlo. Ma nel 1955 non è solo Doc ad essere più giovane, [en]Marty[/en] infatti si imbatte casualmente nei suoi genitori, all\'epoca teenager, ma l\'incontro aggiungerà altri problemi.', 5, '1985-07-03', 19000000, 381109762, 7, NULL),
(23, '[en]The Godfather[/en]', '[en]The Godfather[/en]', 175, '3bhkrj58Vtu7enYsRolD1fZdja1.jpg', 'Anni Quaranta. Come è consuetudine, durante il rinfresco per festeggiare le nozze della figlia [en]Conny[/en] con Carlo, il \"padrino\" don Vito Corleone promette assistenza e protezione a familiari e amici. Invia il figliastro [en]Tom Hagen[/en] in California per convincere in ogni modo il produttore [en]Jack Woltz[/en] a scritturare il cantante [en]Johnny[/en] nel suo prossimo film. [en]Woltz[/en] non acconsente. [en]Tom[/en] allora lo costringe ad accettare con un \"avvertimento\": l\'uccisione del suo cavallo di razza preferito. Sollozzo, a nome della potente \"famiglia\" Tartaglia, chiede a Corleone finanziamenti e appoggi per il traffico di droga. Il rifiuto scatena una lotta cruenta tra le due cosche: lo stesso don Vito viene ferito gravemente; il figlio minore [en]Michael[/en] lo salva da un secondo attentato. [en]Michael[/en], poi, scavalcando l\'irruento fratello [en]Sonny[/en] e [en]Tom[/en], temporeggiatore, organizza un incontro con Sollozzo e con il corrotto capitano di polizia [en]McCluskey[/en] uccidendoli entrambi.', 5, '1972-03-14', 6000000, 245066411, 8, NULL),
(24, 'Coco', '[en]Coco[/en]', 109, 'l5qUox5uroubMi8sihD9RGPbcwO.jpg', '[en]Coco[/en] racconta la storia del giovane [es]Miguel[/es] che sogna di diventare un celebre musicista come il suo idolo [es]Ernesto de la Cruz[/es] ma non capisce perché in famiglia sia severamente bandita qualsiasi forma di musica, da generazioni. Desideroso di dimostrare il proprio talento, a seguito di una misteriosa serie di eventi Miguel finisce per ritrovarsi nella sorprendente e variopinta Terra dell’Aldilà. Lungo il cammino, si imbatte nel simpatico e truffaldino [es]Hector[/es]; insieme intraprenderanno uno straordinario viaggio alla scoperta della storia, mai raccontata, della famiglia di [es]Miguel[/es].', 5, '2017-10-27', 175000000, 800526015, NULL, NULL),
(25, '[en]WALL·E[/en]', '[en]WALL·E[/en]', 97, '1ZkFCJwN6hNUdNZUIUCeugja06j.jpg', '[en]Wall-e[/en] è l\'ultimo robot rimasto sulla terra dopo che gli umani l\'hanno abbandonata perchè invasa dai rifiuti. Si sono dimenticati di spegnerlo e lui da 700 anni continua a fare quello per cui è stato costruito: comprimere e ammassare rifiuti. Non parla ma si fa capire molto bene a gesti e attraverso una gamma di suoni espressivi come faceva {abbr}R2-D2{/abbr} di Guerre Stellari. È un robot animato come un animale antropomorfo, un piccolo [en]Charlot[/en]: operaio alienato che sogna un domani migliore guardando il cielo stellato. E quando dal cielo questo domani migliore arriva sotto forma di un altro robot, [en]Eve[/en], più moderno e programmato per cercare vita sulla Terra, [en]Wall-e[/en] lo insegue sull\'astronave madre. Lì, sempre come il vagabondo di [en]Chaplin[/en], sarà un portatore sano e inconsapevole di caos e anarchia assieme agli altri \"devianti\" della società cioè i robot difettosi, l\'equivalente di quella famiglia di [en]freak[/en] che erano i pesci da acquario con cui aveva a che fare Nemo.', 5, '2008-06-22', 180000000, 521311860, NULL, NULL),
(26, '[en]Spider-Man: No Way Home[/en]', '[en]Spider-Man: No Way Home[/en]', 148, 'xLnZ0DB06H0MuGXcF0uhJxr6b8y.jpg', 'In seguito agli eventi di [en]Spider-Man: Far from Home[/en], la vita di [en]Peter Parker[/en] viene stravolta dopo che [en]Mysterio[/en] rivela al mondo la sua identità. Peter chiede aiuto a [en]Stephen Strange[/en] affinché usi la magia per far scordare a tutti la sua identità. Ma l\'incantesimo non va come previsto e [en]Peter[/en] si ritrova a dover affrontare nemici da altri universi e a scoprire cosa significa davvero essere [en]Spider-Man[/en].', 5, '2021-12-15', 200000000, 1916050941, 9, NULL),
(27, 'Il re leone', '[en]The Lion King[/en]', 89, 'ynzEis5NQxPv0cBrqxwRD5qJLol.jpg', 'Convinto di essere responsabile della morte del padre re Mufasa, il piccolo leoncino Simba si allontana dalla sua terra. Accolto e allevato dal suricato Timon e dal facocero Pumbaa, Simba cresce cercando di dimenticare il passato. È ritrovato da Nala, sua vecchia compagna di giochi, e Rafiki, babbuino sciamano, che lo convincono a tornare per scacciare l\'usurpatore Scar.', 5, '1994-06-23', 45000000, 763455561, 10, NULL),
(28, 'Il gladiatore', '[en]Gladiator[/en]', 155, '42KK5H6oo30LxQ9PtYoUklPltrM.jpg', 'Dopo una vittoria contro i Britanni l\'imperatore Marco Aurelio ([en]Harris[/en]), che disprezza il figlio Commodo ([en]Phoenix[/en]), decide che il suo successore sarà il generale Massimo ([en]Crowe[/en]), uomo straordinario, amato da tutti. Ma Commodo uccide il padre e ordina la morte del generale e della sua famiglia. Massimo fugge in Africa, diventa gladiatore, torna a Roma dove si fa riconoscere. Diventa l\'eroe del Colosseo, idolatrato dal popolo. Tanto che lo stesso Commodo non può farlo uccidere. Lo sfida a un duello nell\'arena, dopo averlo vigliaccamente ferito. Massimo uccide finalmente l\'orrendo imperatore.', 5, '2000-05-04', 103000000, 465361176, NULL, NULL),
(29, '[en]The Truman Show[/en]', '[en]The Truman Show[/en]', 103, 'vniJPHHUpjdVPTSGxn6b3z93nyK.jpg', '[en]Truman Burbank[/en] nasce ripreso da una telecamera. Poi, per trent\'anni continuerà ad esser ripreso a sua insaputa da telecamere che lo seguiranno in ogni luogo della sua vita, per strada, al lavoro, a letto. Lui non lo sa, ma fa parte di uno show televisivo. Tutto ciò che c\'è intorno a lui è un set, le persone sono attori e comparse, le case, la polizia, i vigili del fuoco, tutto è set, persino l\'acqua del mare è fasulla. Sua moglie e il suo migliore amico sono attori. Sopra tutti c\'è [en]Christof[/en], dio-demiurgo-produttore, che gestisce la vita del poveretto. Naturalmente tutta l\'America impazzisce per il programma verità, in virtù della regola del voyeurismo, molla televisiva irresistibile. Poi [en]Truman[/en] ha qualche sospetto, diventa sicuro del trucco e cerca di scappare più volte.', 5, '1998-06-04', 60000000, 264118201, NULL, NULL),
(30, '[en]Bohemian Rhapsody[/en]', '[en]Bohemian Rhapsody[/en]', 134, 'guQaXtD3hyCqAkX9AdjPALlaR1A.jpg', '[en]Bohemian Rhapsody[/en], il film diretto da [en]Bryan Singer[/en] e [en]Dexter Fletcher[/en], è una coinvolgente celebrazione dei [en]Queen[/en], della loro musica e del loro leggendario [en]frontman Freddie Mercury[/en], che sfidò gli stereotipi e infranse le convenzioni, diventando uno degli artisti più amati al mondo. Il film ricostruisce la meteorica ascesa della band attraverso le sue iconiche canzoni e il suo sound rivoluzionario, la sua crisi quasi fatale, man mano che lo stile di vita vita di [en]Mercury[/en] andava fuori controllo, e la sua trionfante reunion alla vigilia del [en]Live Aid[/en], quando [en]Mercury[/en], afflitto da una gravissima malattia, condusse la [en]band[/en] in una delle performance più grandiose della storia del [en]rock[/en]. Facendo questo, il film cementa l\'eredità di una [en]band[/en] che è sempre stata più di una famiglia e che continua ancora oggi a ispirare gli [en]outsider[/en], i sognatori e gli appassionati di musica.', 5, '2018-10-24', 52000000, 894027543, NULL, NULL),
(31, 'Quasi amici - [fr]Intouchables[/fr]', '[fr]Intouchables[/fr]', 113, 'f77ZsUPqTLHCLXtRgZNVKJE0S7a.jpg', 'La vita derelitta di [fr]Driss[/fr], tra carcere, ricerca di sussidi statali e un rapporto non facile con la famiglia, subisce un\'impennata quando, a sorpresa, il miliardario paraplegico [fr]Philippe[/fr] lo sceglie come proprio aiutante personale. Incaricato di stargli sempre accanto per spostarlo, lavarlo, aiutarlo nella fisioterapia e via dicendo [fr]Driss[/fr] non tiene a freno la sua personalità poco austera e contenuta. Diventa così l\'elemento perturbatore in un ordine alto borghese fatto di regole e paletti, un portatore sano di vitalità e scurrilità che stringe un legame di sincera amicizia con il suo superiore, cambiandogli in meglio la vita.', 5, '2011-11-02', 13000000, 426588510, NULL, NULL),
(32, '[en]The Imitation Game[/en]', '[en]The Imitation Game[/en]', 114, '5Uc82xW62CoDMbSvcopOq5Zn6uK.jpg', '[en]Manchester[/en], primi anni \'50. [en]Alan Turing[/en], brillante matematico ed esperto di crittografia, viene interrogato dall\'agente di polizia che lo ha arrestato per atti osceni. [en]Turing[/en] inizia a raccontare la sua storia partendo dall\'episodio di maggiore rilevanza pubblica: il periodo, durante la Seconda Guerra Mondiale, in cui fu affidato a lui e ad un piccolo gruppo di cervelloni, fra cui un campione di scacchi e un\'esperta di enigmistica, il compito di decrittare il codice Enigma, ideato dai Nazisti per comunicare le loro operazioni militari in forma segreta. È il primo di una serie di [en]flashback[/en] che scandaglieranno la vita dello scienziato morto suicida a 41 anni e considerato oggi uno dei padri dell\'informatica in quanto ideatore di una macchina progenitrice del [en]computer[/en].', 5, '2014-11-14', 14000000, 233555708, NULL, NULL),
(33, '[en]Shining[/en]', '[en]The Shining[/en]', 142, 'r7AAFgo4qE10yXH6VUFFoparw2A.jpg', 'L\'aspirante scrittore [en]Jack Torrance[/en] si trasferisce tra i monti per trovare il giusto isolamento che gli permetterà di completare il suo romanzo. L\'uomo accetta quindi l\'incarico di custode invernale di un enorme albergo tra le montagne, dove lo seguono la moglie e il figlioletto [en]Danny[/en], il quale possiede poteri paranormali che gli permettono di vedere nel passato e nel futuro.', 5, '1980-05-23', 19000000, 44781695, 11, NULL),
(34, '[en]Parasite[/en]', '[ko]기생충[/ko]', 132, 'dJFTwh20N23ZeSDIaCkOZTNoGn1.jpg', 'Tutta la famiglia di [en]Ki-taek[/en] è senza lavoro. [en]Ki-taek[/en] è particolarmente interessata allo stile di vita della ricchissima famiglia [en]Park[/en]. Un giorno, suo figlio riesce a farsi assumere dai Park e le due famiglie si ritrovano così intrecciate da una serie di eventi incontrollabili.', 5, '2019-05-30', 11363000, 257591776, NULL, NULL),
(35, 'L\'Impero colpisce ancora', '[en]The Empire Strikes Back[/en]', 124, 'a8Vdzh5lXdX6t7LGxPJ1m0tvimq.jpg', 'Malgrado la Morte Nera sia stata distrutta, le truppe imperiali si sono impadronite nuovamente di Yavin. I ribelli si sono rifugiati sul pianeta di ghiaccio, ma sono costretti ancora alla fuga. Ian Solo ([en]Han Solo[/en] nome originale), la principessa Leia e il droide {abbr}D3BO{/abbr} ([en]{abbr}C-3PO{/abbr}[/en]), seminano gli inseguitori, mentre [en]Luke[/en], assieme al fido {abbr}C1P8{/abbr} ([en]{abbr}R2-D2{/abbr}[/en]) , si reca dal maestro jedi Yoda, sul pianeta Dogabahd, per ritrovare la \"Forza\". Nel tentativo di liberare Leila e gli amici, incontra poi [en]Darth Vader[/en], che si rivela essere suo padre. Seconda puntata (ma in realtà è la quinta) della saga di \"Guerre stellari\", con parecchie allusioni al celebre ciclo narrativo dei cavalieri bretoni: abbastanza evidente il parallelo tra Luke alla ricerca della \"forza\" e Parsifal.', 5, '1980-05-20', 18000000, 538400000, 6, NULL),
(36, 'Il miglio verde', '[en]The Green Mile[/en]', 188, 'kptqTcldosy8JPf75JT16oTYUMB.jpg', 'E\' il racconto che [en]Paul Edgecomb[/en] fa all\'amica [en]Elaine Connelly[/en] in una casa di riposo. Sono passati circa sessanta anni da quando lavorava come capo delle guardie del braccio della morte nel penitenziario di [en]Could Mountain[/en]. Durante la grande depressione, nel carcere del sud degli Usa, [en]Edgecomb[/en] si occupava di quattro assassini che attendevano di compiere la loro ultima passeggiata lungo il \'Miglio verde\', il corridoio rivestito di linoleum verde che li avrebbe condotti nella stanza della sedia elettrica. Fra questi c\'era anche [en]John Coffrey[/en], un ragazzone nero condannato per l\'omicidio di due gemelline di nove anni. Nonostante avesse le dimensioni e la forza per uccidere chiunque, [en]Coffrey[/en] aveva un carattere semplice e ingenuo: era davvero lui il colpevole?', 5, '1999-12-10', 60000000, 286801374, NULL, NULL),
(37, 'Il silenzio degli innocenti', '[en]The Silence of the Lambs[/en]', 118, '8P4fZhbiqfeMk2btOeXLu0AKvBl.jpg', 'Dal romanzo omonimo di [en]Thomas Harris[/en]. Una giovane recluta dell\'FBI è incaricata di far visita in carcere a [en]Hannibal Lecter[/en], psichiatra pluriomicida, per ottenere informazioni su un assassino psicopatico che ha ucciso e scuoiato cinque donne.', 5, '1991-02-14', 19000000, 272742922, 12, NULL),
(38, 'Salvate il soldato [en]Ryan[/en]', '[en]Saving Private Ryan[/en]', 169, 'iRvttKKh8ZSWNYXPxDm3IUqLlB3.jpg', 'Il 6 giugno 1944 il cap. [en]John Miller[/en] ([en]Hanks[/en]) sbarca con i suoi uomini a [en]Omaha Beach[/en]. È un massacro sotto il micidiale fuoco tedesco. Il generale [en]George Marshall[/en] ([en]Presnell[/en]), comandante supremo dell\'armata angloamericana, apprende che la famiglia [en]Ryan[/en] dell\'Iowa ha già perduto tre figli e che un quarto fratello, [en]James Francis Ryan[/en] ([en]Damon[/en]), è stato paracadutato in Normandia oltre le linee nemiche. Dà ordine che sia ritrovato e rimandato a casa. L\'incarico è affidato al cap. [en]Miller[/en] che, con sei uomini e un interprete ([en]Davies[/en]), parte alla sua ricerca.', 5, '1998-07-24', 70000000, 481840909, NULL, NULL),
(39, '[en]The Prestige[/en]', '[en]The Prestige[/en]', 130, 'xKsiJimxRa44FArhlfGHnylrT0i.jpg', 'Due giovani maghi apprendisti, [en]Robert Angier[/en] e [en]Alfred Borden[/en], vengono istruiti e seguiti da [en]Cutter[/en], un ingegnere illusionista ed ex mago, ma durante un numero in cui una donna viene legata e messa in una cassa di vetro piena d\'acqua, qualcosa va storto e [en]Angier[/en] incolperà l\'amico dell\'accaduto, tentando di vendicarsi. Inizia così un crudele gioco tra i due uomini su chi sia il migliore e la rivalità si trasformerà pian piano in ossessione.', 5, '2006-10-19', 40000000, 109676311, NULL, NULL),
(40, 'La città incantata', '[ja]千と千尋の神隠し[/ja]', 125, '3PV6lq9BNmoyyDXr5tdNeeESEMn.jpg', 'La piccola Chihiro non sopporta l\'idea di traslocare e di perdere i propri amici, ma non può far niente per impedirlo. Proprio quando la famiglia è in viaggio verso la nuova casa, il padre imbocca una strada sterrata che termina davanti a un tunnel misterioso. I genitori sceglieranno di attraversarlo nonostante le rimostranze di Chihiro, per giungere a un parco dei divertimenti abbandonato, almeno apparentemente.', 5, '2001-07-20', 19000000, 274925095, NULL, NULL),
(41, '[en]Schindler\'s List[/en]', '[en]Schindler\'s List[/en]', 195, 'm0pV0fmMERzCvPVQbLLrPPLl5q1.jpg', 'Tratto dal libro di [en]Thomas Keneally[/en] è la vera storia di [de]Oscar Schindler[/de], industriale tedesco, che nel 1938 capisce che è bene legarsi ai comandanti militari. Li frequenta nei locali notturni, offre bottiglie preziose. Quando gli ebrei sono relegati nel ghetto di Cracovia Schindler riesce a farsene assegnare alcune centinaia come operai in una fabbrica di pentole. All\'inizio sembra sfruttarli, in realtà li salva. Di fronte alla persecuzione tremenda, il tedesco trasforma quella sua prima iniziativa in una vera missione, fino a comprare letteralmente le vite di quasi milleduecento ebrei (la famosa lista) che sicuramente morirebbero nel campo di Auschwitz.', 5, '1993-12-15', 22000000, 321365567, NULL, NULL),
(42, '[en]The Departed[/en] - Il bene e il male', '[en]The Departed[/en]', 149, 'mSEFwJ1y7V3dmyfX0Yn4GIyXvqi.jpg', '[en]Boston[/en]. È in atto una guerra tra la polizia locale e una banda della malavita organizzata. [en]Billy Costigan[/en], giovane poliziotto in incognito, riceve l\'incarico di infiltrarsi nella gang capeggiata dal boss [en]Frank Costello[/en]. Mentre [en]Billy[/en] guadagna rapidamente la fiducia di [en]Costello[/en], [en]Colin Sullivan[/en], giovane criminale incallito infiltrato nel dipartimento di polizia come informatore della gang, guadagna una posizione di rilievo nell\'unità speciale di investigazione. Sia [en]Billy[/en] che [en]Colin[/en] vivono questa doppia vita come un\'esperienza alienante, ma appena appare chiara l\'esistenza di una talpa, sia all\'interno della polizia che fra i [en]gangster[/en], entrambi dovranno, in una corsa contro il tempo, scoprire l\'identità dell\'altro per salvarsi.', 5, '2006-10-04', 90000000, 291465000, NULL, NULL),
(43, '[en]Grand Budapest Hotel[/en]', '[en]The Grand Budapest Hotel[/en]', 99, 'tY8gmrOOzhJxfBLQNOxjbuSR52b.jpg', 'Una ragazza depone una chiave di una stanza d\'hotel ai piedi del busto dedicato a uno scrittore scomparso. Lo stesso scrittore racconta delle origini del suo romanzo. Un uomo oramai anziano e stanco racconta in un albergo semi deserto ad un giovane scrittore la storia di [en]Gustave H.[/en], il leggendario [fr]concierge[/fr] del [en]Grand Budapest Hotel[/en], e del suo giovane protetto Zero, alle prese con il furto e il recupero di un dipinto rinascimentale inestimabile e la battaglia per un enorme patrimonio di famiglia.', 5, '2014-02-26', 30000000, 174600318, NULL, NULL),
(44, 'Se mi lasci ti cancello', '[en]Eternal Sunshine of the Spotless Mind[/en]', 108, 'chUdF3vUfjdz4sdsMFd8ejgt52f.jpg', '[en]Joel[/en] e [en]Clementine[/en] sono una coppia molto innamorata. Un giorno però, la ragazza, stanca della sua relazione ormai in fase di declino, decide, mediante un esperimento scientifico, di farsi asportare dalla mente la parte relativa alla storia con Joel. Il giovane, una volta venuto a conoscenza di questo fatto, sceglie di fare altrettanto ma durante il procedimento cambia idea.', 5, '2004-03-19', 20000000, 72258126, NULL, NULL),
(45, 'Memento', '[en]Memento[/en]', 113, 'dCCsDcMeJFVOUN0mt9QYGHZDquq.jpg', 'Memento è l\'imperativo del verbo difettivo latino \"memini, isse\" e può essere tradotto con \"ricordati\", che è la parola chiave del secondo lungometraggio di [en]Christopher Nolan[/en]. Intorno a questo principio ruota infatti l\'intera vicenda, non raccontata in modo lineare, ma attraverso un apparente caos che incarna il punto di vista del personaggio principale, [en]Leonard Shelby[/en], affetto da una particolare forma di amnesia, che lascia intatti i vecchi ricordi ma comporta la perdita della memoria breve. Attraverso un\'affannosa ricerca compiuta per mezzo dell\'azione e della scrittura, che serve a registrare ciò di cui la percezione non può farsi sicuro garante, il detective [en]Shelby[/en] cerca l\'assassino della moglie, l\'ultimo ricordo che \"non riesce a ricordare di dimenticare\", in una labirintica realtà continuamente riazzerata e in cui non si può mai pronunciare l\'ultima parola.', 5, '2000-10-11', 9000000, 39723096, NULL, NULL),
(46, '[en]Whiplash[/en]', '[en]Whiplash[/en]', 107, '4j35IGVmDArteUFxeTI95tFyLkA.jpg', '[en]Andrew[/en] studia batteria [en]jazz[/en] nella più prestigiosa ed importante scuola di musica di [en]New York[/en], è al suo primo anno e già viene notato da [en]Terence Fletcher[/en], temutissimo e inflessibile insegnante che a sorpresa lo vuole nella propria [en]band[/en]. Il ragazzo è eccitato dalla possibilità ma non sa che in realtà sarà un inferno di prove, esercizi e umiliazioni come non pensava fosse possibile. Gli standard richiesti da [en]Fletcher[/en] sono mostruosi e progressivamente alienano sempre di più [en]Andrew[/en] dalle altre parti della sua vita.', 5, '2014-10-10', 3300000, 13092000, NULL, NULL),
(47, '[fr]Léon[/fr]', '[en]Léon: The Professional[/en]', 110, 'wcIFHPgRNPY5h72psFPkf9CHOf9.jpg', '[fr]Léon[/fr] è un killer che vive solo, avendo unicamente una pianta da vaso come compagnia. [fr]Mathilda[/fr] è una ragazzina che abita nell\'appartamento a fianco alla stanza di [fr]Léon[/fr]. Quando la famiglia di [fr]Mathilda[/fr] viene sterminata per una storia di droga, lei chiede aiuto a [fr]Léon[/fr]. Tra i due nasce una tenera amicizia, fra scambi di lezioni sull\'uso delle armi da una parte e di lettura dall\'altra.', 5, '1994-09-14', 16000000, 45284974, NULL, NULL),
(48, 'Le iene', '[en]Reservoir Dogs[/en]', 99, 'noWeDEXd0a8du7tWG9F16Pm3Cvv.jpg', '[en]Los Angeles[/en]. Una rapina a un importatore di diamanti che avrebbe potuto dare un ottimo bottino con un rischio calcolato si trasforma in una sparatoria che costringe i malviventi a una fuga disordinata. C\'è però un punto di ritrovo prestabilito da [en]Joe[/en], il loro capo. Si tratta di un deposito abbandonato che viene raggiunto per primi da [en]Mr. White[/en] e [en]Mr. Orange[/en] gravemente ferito. Ognuno degli appartenenti alla banda ha finora conosciuto gli altri solo con il nome di un colore per evitare eventuali delazioni. Ma è proprio il dubbio che al loro interno si nasconda un infiltrato della polizia che comincia a tormentare i soggetti che, progressivamente, raggiungeranno il punto di raccolta.', 5, '1992-09-02', 1200000, 2859750, NULL, NULL),
(49, '[en]Alien[/en]', '[en]Alien[/en]', 117, 'aFQHngtAnMTbz5MfFC2ZxF0oOA4.jpg', 'L\'astronave Nostromo sbarca su un pianeta da cui proviene un {abbr}SOS{/abbr}, ma la colonia sembra essere disabitata. I coloni sono stati in realtà sterminati da una razza aliena che ha trasformato la base in una gigantesca covata.', 5, '1979-05-25', 11000000, 104931801, 13, NULL),
(50, '[en]Spider-Man[/en] - Un nuovo universo', '[en]Spider-Man: Into the Spider-Verse[/en]', 117, 'ebiu13XGsOfMvIUPA2oSrpNtnqQ.jpg', '[en]Miles Morales[/en] è un ragazzo afro-ispanico di [en]New York[/en] che è appena entrato in una scuola relativamente esclusiva, dove però si sente fuori luogo. Qui infatti non conosce nessuno e suo padre, un poliziotto che detesta [en]Spider-Man[/en], non lo aiuta mettendolo in imbarazzo. [en]Miles[/en] si rifugia dallo zio, che asseconda invece la sua passione da [en]street artist[/en], ma durante una escursione nei sotterranei di [en]New York Miles[/en] viene morso da un ragno radioattivo. Il giorno dopo, sconvolto da sorprendenti poteri che somigliano a quelli di [en]Spider-Man[/en], torna a cercare il ragno e finisce per assistere a uno scontro tra l\'eroe e vari villain, durante il quale un esperimento per aprire un varco dimensionale ha effetti imprevisti. Presto [en]Miles[/en] scoprirà che non c\'è un solo Uomo Ragno!', 5, '2018-12-06', 90000000, 375540831, 14, NULL),
(51, 'La battaglia di [en]Hacksaw Ridge[/en]', '[en]Hacksaw Ridge[/en]', 139, 'gPV8lFaNTgd6ifw1fWEvoIsWnRq.jpg', 'Nel film viene raccontata la storia vera di [en]Desmond Doss[/en]. L\'attacco alla base americana di [en]Pearl Harbor[/en] apre un nuovo fronte delle ostilità in Giappone. [en]Desmond Doss[/en], cresciuto sulle montagne della Virginia e in una famiglia vessata da un padre alcolizzato, decide di arruolarsi e di servire il suo Paese. Ma [en]Desmond[/en] non è come gli altri. Cristiano avventista e obiettore di coscienza, il ragazzo rifiuta di impugnare il fucile e uccidere un uomo. Fosse anche nemico. In un mondo dilaniato dalla guerra, [en]Desmond[/en] ha deciso di rimettere assieme i pezzi. Arruolato come soccorritore medico e spedito sull\'isola di [jp]Okinawa[/jp] combatterà contro l\'esercito nipponico, contro il pregiudizio dei compagni e contro i fantasmi di dentro che urlano più forte nel clangore della battaglia.', 5, '2016-10-07', 40000000, 175302354, NULL, NULL),
(52, 'La vita è bella', 'La vita è bella', 116, 'Moz0CzJ44U9L3ADxlVE24LTwY4.jpg', 'Guido, un giovane ebreo amante della vita e della poesia, si reca ad Arezzo con l\'amico Ferruccio in cerca di lavoro. Si fa assumere come cameriere dallo zio Eliseo, che gestisce il [en]Grand Hotel[/en], e s\'innamora di Dora, un\'insegnante promessa sposa all\'antipatico fascista Rodolfo. Con l\'esuberanza e l\'allegria del suo carattere, riesce a vincere le reticenze della maestrina, e a sposarla. Sei anni dopo, probabilmente denunciato dalla suocera che non ha mai digerito il matrimonio, Guido è deportato in un campo di concentramento con lo zio Eliseo e col suo figlioletto, il piccolo Giosuè, mentre Dora, pur non essendo ebrea, decide di seguirli di sua iniziativa.', 5, '1997-12-20', 20000000, 230098753, NULL, NULL),
(53, 'Arancia meccanica', '[en]A Clockwork Orange[/en]', 137, 'LVnyZ3gmeH9eY1qxFvfkNaJHSi.jpg', '[en]Alex[/en] è un giovane senza arte né parte, figlio di proletari e dedito a furti, stupri e omicidi. Fa capo a una banda di spostati, denominati drughi. Dopo aver usato violenza alla moglie di uno scrittore finisce in carcere. Viene sottoposto ad angherie ma si fa amico un prete. Pur di essere scarcerato accetta il \"trattamento lodovico\", che consiste nell\'assistere a filmati di violenza. Quando esce scopre che i genitori hanno subaffittato la sua stanza. Senza poter reagire, dovrà subire violenza da alcuni mendicanti vendicativi, dai drughi diventati poliziotti e dallo scrittore che ha perso la moglie e che ora si trova su una sedia a rotelle. Tenta il suicidio e all\'ospedale riceve una visita di cortesia da parte del primo ministro.', 5, '1971-12-19', 2200000, 26589000, NULL, NULL),
(54, '[en]Terminator[/en] 2 - Il giorno del giudizio', '[en]Terminator 2: Judgment Day[/en]', 137, 'fRzBve23Wa5HWYdiQnFlyL9BLcf.jpg', 'Dieci anni dopo i fatti del primo episodio, un altro, più evoluto [en]Terminator[/en] viene inviato sulle tracce di [en]Sarah Connor[/en]: stavolta l\'obbiettivo è il figlio [en]John[/en], il futuro leader della ribellione alle macchine che stanno per conquistare il mondo. Ma anche i ribelli, dal futuro, cercheranno di provvedere alla protezione del ragazzo.', 5, '1991-07-03', 102000000, 520000000, 15, NULL),
(55, 'Quei bravi ragazzi', '[en]GoodFellas[/en]', 145, '7Ce724ZcEt7Id9EwBFFdXuvDxWA.jpg', '[en]Henry Hill[/en], figlio di emigranti italo-irlandesi, fin da giovane entra a far parte della piccola mafia dei quartieri poveri di [en]New York[/en]. Ma ben presto scopre la ferocia dei [en]boss[/en] locali che usano chiamarsi fra di loro \"bravi ragazzi\"...', 5, '1990-09-12', 25000000, 46835000, NULL, NULL),
(56, 'Chiamami col tuo nome', '[en]Call Me by Your Name[/en]', 130, 'mZ4gBdfkhP9tvLH1DO4m4HYtiyi.jpg', 'Nel 1983, una calda estate segna per sempre la vita del diciassettenne Elio, un musicista più colto e sensibile dei suoi coetanei, che ogni estate trascorre le vacanze nella villa di famiglia. Il padre, un professore universitario, come ogni anno ospita uno studente straniero per lavorare alla sua tesi di post dottorato. L\'arrivo di [en]Oliver[/en], ventiquattrenne statunitense, per la sua bellezza e i modi disinvolti, sconvolge la vita di Elio, che se ne innamora immediatamente. Tra lunghe passeggiate, nuotate e discussioni, tra i due giovani nasce un desiderio travolgente e irrefrenabile.', 5, '2017-09-01', 4000000, 41063475, NULL, NULL),
(57, '[en]American Beauty[/en]', '[en]American Beauty[/en]', 117, 'l3vVtb8jE1OG12c6RTuoomsXl2F.jpg', '[en]Lester[/en] e [en]Carolyn Burnham[/en] appaiono dall\'esterno una coppia perfetta, con una casa perfetta e un vicinato perfetto. In realtà [en]Lester[/en] è un uomo, insoddisfatto della sua vita familiare e professionale, che sta cadendo in una sempre più profonda disperazione, quando improvvisamente conosce Angela, un\'amica di sua figlia e se ne infatua. Nel frattempo [en]Jane[/en], la figlia di [en]Lester[/en] ha conosciuto il loro timido e misterioso vicino di casa [en]Ricky[/en] che vive oppresso da una figura paterna ossessiva.', 5, '1999-09-15', 15000000, 356296601, NULL, NULL),
(58, 'Il padrino - Parte II', '[en]The Godfather Part II[/en]', 200, '6QPggnaBqLrnlM7EDUMsRR7jXMn.jpg', 'Il film tratta della giovinezza e dei primi passi nel mondo del crimine di Vito Corleone, e delle difficoltà cinquant\'anni più tardi di suo figlio, [en]Michael[/en], a mantenere in piedi l\'impero Corleone. Il tutto tra vicende di emigrazione, tradimenti familiari, inchieste governative e affari.', 5, '1974-12-20', 13000000, 102600000, 8, NULL),
(59, '[en]Will Hunting[/en] - Genio Ribelle', '[en]Good Will Hunting[/en]', 126, '6ZnFfCT4JRF8YXQykM2gTOdeaLq.jpg', '[en]Will Hunting[/en] è un ragazzo orfano dedito a piccoli furti, ma con grandi capacità per la matematica. Queste doti vengono notate da un professore universitario, che mandandolo da un suo amico psichiatra cerca di aiutarlo a togliersi dalla strada.', 5, '1997-12-05', 10000000, 225933435, NULL, NULL),
(60, '[en]Taxi Driver[/en]', '[en]Taxi Driver[/en]', 113, '8BSD2Zo9E3yzsTjF7wYMrGObwGR.jpg', '[en]New York: Travis Bickle[/en], veterano del Vietnam in congedo, soffre d\'insonnia e decide di impegnare le proprie notti facendo il tassista. Completamente disadattato ma idealista alla ricerca di uno scopo, l\'uomo si invaghirà di una ragazza e le chiederà di uscire. Quando le cose tra i due andranno storte, [en]Travis[/en], definitivamente disilluso riguardo la società, si chiuderà in se stesso. Comincerà così per il tassista una claustrofobica discesa nel baratro della solitudine, in bilico sui margini della sanità mentale.', 5, '1976-02-09', 1300000, 28570902, NULL, NULL),
(61, '[en]American History X[/en]', '[en]American History X[/en]', 119, 'c2gsmSQ2Cqv8zosqKOCwRS0GFBS.jpg', 'In un tema in classe il giovane Danny tratta argomenti ispirati al [de]\'Mein Kampf\'[/de] e il preside [en]Sweeney[/en], per punirlo, lo obbliga a preparare una relazione sul fratello maggiore [en]Derek[/en]. Quest\'ultimo, ex leader di un gruppo giovanile paranazista che si riconosceva in [en]Cameron[/en], ideologo della violenza razzista contro ogni forma di diversità, è appena uscito dal carcere dopo aver scontato alcuni anni per l\'uccisione di due ragazzi neri che gli stavano rubando l\'automobile. [en]Danny[/en] aspetta da tempo questo momento. Ha immaginato molte volte la scarcerazione di [en]Derek[/en] e non desidera altro che mettersi ai \'suoi ordini\'. Non sa che in carcere [en]Derek[/en] ha riflettuto molto maturando la convinzione di voler cambiare vita. Danny si sente spaesato, soprattutto quando, durante una festa vede Derek avere uno scontro violento con [en]Cameron[/en], ma poi riesce a capire le ragioni di suo fratello. L\'odio, però, a volte genera una serie di violenze difficili da fermare.', 5, '1998-07-01', 20000000, 23875127, NULL, NULL),
(62, '[en]Scarface[/en]', '[en]Scarface[/en]', 170, 'A1gaGQ58crIW3lXzFxOKIryAt7Y.jpg', 'Ambientato nella [en]Miami[/en] degli anni 80, l\'intreccio si dipana tra il mondo degli immigrati cubani e quello dei signori della droga della east-coast. [en]Tony[/en] Montana, lo sfregiato, è uno tra i tanti \"rifugiati politici\" in territorio statunitense, sbarcati sulle coste della Florida in seguito all\'apertura delle carceri cubane. Per i profughi la via più veloce per abbandonare la degenza economica è darsi al crimine, e [en]Tony[/en], non certo uno stinco di santo, non ci penserà due volte. Comincerà così per il [en]gangster[/en] una rapida ascesa, che arriverà a vertiginose quanto pericolose altezze.', 5, '1983-12-09', 25000000, 66023329, NULL, NULL),
(63, '[en]Prisoners[/en]', '[en]Prisoners[/en]', 153, 'tJE5Xs8Z1ZQPNBv71AWZ95L1o6C.jpg', 'Nella (apparentemente) tranquilla provincia americana due bambine di sei e sette anni, Anna ed Eliza, escono a giocare insieme e svaniscono senza lasciare traccia. I genitori, fra di loro amici, reagiscono nei modi più disparati (e disperati): [en]Keller[/en], il padre della piccola Anna, comincia una caccia all\'uomo senza esclusione di colpi, mentre sua moglie [en]Grace[/en] si imbottisce di psicofarmaci per attutire il dolore e lo sgomento; Franklin, il padre di Eliza, cerca di non farsi travolgere dalla sete di giustizia di [en]Keller[/en], la moglie [en]Nancy[/en] invece pare disposta ad appoggiarne i modi estremi. Il detective Loki avvia le sue indagini fra intoppi burocratici e depistaggi, e comincia a chiedersi di chi sospettare, dato che anche il comportamento di [en]Keller[/en] si fa sempre più equivoco. E la cittadina di provincia rivela di avere più scheletri in cantina (letteralmente) di quanto si potesse immaginare.', 5, '2013-09-18', 46000000, 122126687, NULL, NULL),
(64, '2001: Odissea nello spazio', '[en]2001: A Space Odyssey[/en]', 141, 'b5UQwYxeKoutvbtp3eLkY5iilJX.jpg', 'Un gigantesco monolite, individuato sulla superficie lunare, trasmette dei messaggi radio in direzione del pianeta Giove. Per seguire il fascio di onde elettromagnetiche viene organizzata una spedizione che ben presto però si trova in balia del computer che governa l\'astronave. La lotta avrà un solo vincitore.', 5, '1968-04-02', 12000000, 71923560, 16, NULL),
(65, '[en]Green Book[/en]', '[en]Green Book[/en]', 130, 'gyjBcyimXedn0GANgagmfmcNU44.jpg', 'Nel 1962, dopo la chiusura di uno dei migliori club di [en]New York[/en] in cui lavorava, il buttafuori italoamericano [en]Tony Lip[/en] deve a tutti i costi trovare un lavoro per mantenere la sua famiglia. Accetta di lavorare per il pianista afroamericano Don [en]Shirley[/en] e decide di seguirlo in tour nel sud degli Stati Uniti. Nonostante le differenze e gli iniziali contrasti, tra i due si instaurerà una forte amicizia.', 5, '2018-11-16', 23000000, 319700000, NULL, NULL);
INSERT INTO `film` (`id`, `nome`, `nome_originale`, `durata`, `locandina`, `descrizione`, `stato`, `data_rilascio`, `budget`, `incassi`, `collezione`, `voto`) VALUES
(66, 'L\'attimo fuggente', '[en]Dead Poets Society[/en]', 130, 'nIH9ZI4aA8zd0tQSduMWtpniyyH.jpg', 'Stato del [en]Vermont[/en] (Stati Uniti), 1959: nel college maschile [en]Welton[/en], molto tradizionale, viene trasferito il professore [en]John Keating[/en], un insegnante di lettere simpatico e anticonformista. Fin dal primo contatto con i giovani allievi, traspare non solo il suo diverso modo d\'insegnamento ma anche il suo approccio che esorta i ragazzi ad affrontare lo studio e la vita seguendo le proprie idee e non quelle dei nonni. Uno degli studenti, entrato in conflitto con i suoi genitori, si suiciderà. La responsabilità viene rifilata al professore. Lui sarà cacciato, ma i suoi allievi non lo dimenticheranno.', 5, '1989-06-02', 16400000, 235860116, NULL, NULL),
(67, '[en]Gran Torino[/en]', '[en]Gran Torino[/en]', 116, 'eUepSGWIJjXeMAlSnk4CSZKOTfg.jpg', '[en]Walt Kowalski[/en] è un veterano della guerra in Corea e non sopporta che nell\'abitazione di fianco alla sua viva una famiglia di asiatici. Le uniche sue passioni, oltre alla birra, sono il suo cane e un\'auto modello Gran Torino, che viene sottoposta a continua manutenzione. La sua vita cambia il giorno in cui il giovane vicino [fr]Thao[/fr], spinto da una [en]gang[/en], si introduce nel suo [fr]garage[/fr]. [en]Walt[/en] lo fa fuggire, ma di lì a poco tempo assisterà a una violenta irruzione dei membri della gang con inatteso sconfinamento nella sua proprietà. In quell\'occasione sottrarrà [fr]Thao[/fr] alla violenza del branco, ottenendo la riconoscenza della sua famiglia.', 5, '2008-12-09', 33000000, 269958228, NULL, NULL),
(68, '[en]Your Name[/en].', '[ja]君の名は。[/ja]', 106, 'z26TZXh7lqrRVCIy1HXTTz3Fu2X.jpg', '[jp]Mitsuha[/jp] è una studentessa che vive in una piccola città rurale e desidera trasferirsi a Tokyo, nella grande metropoli dove ogni sogno si può realizzare. [jp]Taki[/jp] è uno studente di liceo che vive proprio a Tokyo, ha un lavoro [en]part-time[/en] in un ristorante italiano, ma vorrebbe lavorare nel campo dell’arte o dell’architettura. Una notte, [jp]Mitsuha[/jp] sogna di essere un giovane uomo, si ritrova in una stanza che non conosce, ha nuovi amici e lo [en]skyline[/en] di Tokyo si apre dinnanzi al suo sguardo. Nello stesso momento [jp]Taki[/jp] sogna di essere una ragazzina che vive in una piccola città di montagna che non ha mai visitato. Ma quale sarà il segreto che si cela dietro questi strani sogni incrociati?', 5, '2016-08-26', NULL, 357986087, 17, NULL),
(69, 'Qualcuno volò sul nido del cuculo', '[en]One Flew Over the Cuckoo\'s Nest[/en]', 133, 'qalG4ptpwsYj5Scaqd0BiA4CZ1J.jpg', '[en]Candle McMurphy[/en], arrestato per piccoli reati, viene portato in una clinica psichiatrica: tenta di fingersi pazzo per sfuggire al carcere. Qui viene a contatto con gli altri pazienti dei quali diventa ben presto il beniamino: si prende gioco delle sedute di psicoanalisi, si improvvisa telecronista, organizza una piccola gita in barca. L\'ospedale è diretto dalla ferrea capoinfermiera, la signorina [en]Ratched[/en] che ha organizzato la vita dei pazienti secondo regole di intransigente disciplina.', 5, '1975-11-19', 3000000, 108981275, NULL, NULL),
(70, 'I soliti sospetti', '[en]The Usual Suspects[/en]', 105, 'uiM4U4kuQgjmXSWkYkxHnqTuJgx.jpg', 'Cinque criminali si ritrovano incomprensibilmente insieme in un confronto all\'americana. Scopriranno che dietro a tutto c\'è il re dei malfattori, [en]Keyser Soze[/en], che li costringerà a partecipare ad una missione suicida.', 5, '1995-07-19', 6000000, 23341568, NULL, NULL),
(71, '[en]Full Metal Jacket[/en]', '[en]Full Metal Jacket[/en]', 115, 'swLFjsSM1iEo3yTWsBu9N4frfZk.jpg', 'In un campo di addestramento dei [en]Marines[/en] nel [en]South Carolina[/en] diciassette giovani civili vengono trasformati in macchine da guerra e di morte. Partito per il Vietnam, uno dei diciassette lavora per un giornale militare e si trova coinvolto nell\'offensiva del Tet.', 5, '1987-06-26', 30000000, 46357676, NULL, NULL),
(72, 'Tre manifesti a [en]Ebbing[/en], [en]Missouri[/en]', '[en]Three Billboards Outside Ebbing, Missouri[/en]', 115, '4BLkWnNHwGdcwkivXHBTuOH1hEO.jpg', 'Sono passati mesi e l’omicidio di sua figlia è rimasto irrisolto, così [en]Mildred Hayes[/en] decide di smuovere le autorità, commissionando tre manifesti alle porte della sua città, ognuno dei quali grida un messaggio provocatorio e preciso, diretti a [en]William Willoughby[/en] il venerato capo della polizia locale. Quando viene coinvolto anche il suo secondo ufficiale, [en]Dixon[/en], ragazzo immaturo e dal temperamento violento, la battaglia tra [en]Mildred[/en] e le forze dell’ordine di [en]Ebbing[/en] è dichiaratamente aperta.', 5, '2017-12-01', 15000000, 160192031, NULL, NULL),
(73, '[en]Soul[/en]', '[en]Soul[/en]', 100, 'AcGqIA7Xns6NpK3e8zORP8iUTLa.jpg', '[en]Joe Gardner[/en], direttore di una banda musicale delle scuole medie appassionato di [en]jazz[/en], sogna da sempre di suonare all’[en]Half Note[/en], un prestigioso locale di [en]New York[/en]. Improvvisamente, dopo 20 anni di tentativi, finalmente riesce a ottenere una serata. Tuttavia uscendo in strada finisce in un tombino e muore. La sua anima si separa dal corpo e va nell’aldilà. La storia parte da questo colpo di scena, ed è ambientata nello [en]You Seminar[/en], un luogo dove le anime vengono addestrate ed educate per renderci ciò che siamo: una volta pronte, si “laureano”. [en]Joe[/en] è una delle nuove anime, e fa amicizia con 22, che pensa che la Terra faccia schifo e viene bocciata da centinaia di anni. Insieme, scopriranno cosa significa avere un’anima.', 5, '2020-12-25', 150000000, 136384442, NULL, NULL),
(74, 'Psyco', '[en]Psycho[/en]', 109, 'tdqX0MWaFHuGwUygYn7j6eluOdP.jpg', '[en]Marion Crane[/en], impiegata in una società immobiliare, scappa con 40.000$ rubati dalle casse della ditta. Durante la fuga verso casa del fidanzato però, decide di fermarsi nel [en]Motel[/en] gestito dal giovane [en]Norman Bates[/en] e dalla madre, che però vive rintanata nella casa attigua al [en]Motel[/en] stesso. Il capolavoro di [en]Alfred Hitchcock[/en].', 5, '1960-06-22', 806947, 50000000, 18, NULL),
(75, '[en]Requiem for a Dream[/en]', '[en]Requiem for a Dream[/en]', 102, '3E8RFYisnqy93251alK66bbGNpE.jpg', 'Sara è una casalinga sola e depressa che sogna di partecipare ad uno show televisivo, il suo unico figlio, [en]Harry[/en], è un tossicodipendente che passa le sue giornate alla ricerca di droga insieme all\'amico [en]Tyrone[/en]. La ragazza di [en]Harry[/en], [en]Maryon[/en], è una borghese annoiata e problematica, anche lei tossicodipendente. Quattro vite ai margini, quattro storie destinate a risolversi tragicamente.', 5, '2000-10-06', 4500000, 7390108, NULL, NULL),
(76, '[en]Zack Snyder\'s Justice League[/en]', '[en]Zack Snyder\'s Justice League[/en]', 240, 'tnAuB8q5vv7Ax9UAEje5Xi4BXik.jpg', 'In [en]Zack Snyder\'s Justice League[/en], determinato ad assicurarsi che il sacrificio finale di [en]Superman[/en] non sia stato vano, [en]Bruce Wayne[/en] unisce le forze con [en]Diana Prince[/en] con lo scopo di reclutare una squadra di metaumani, al fine di proteggere il mondo da un minaccia imminente di proporzioni catastrofiche. Il compito si rivela più difficile di quanto [en]Bruce[/en] immaginasse, poiché ogni componente deve affrontare i demoni del proprio passato, per trascendere da ciò che li ha bloccati, permettendo loro di unirsi e formare finalmente una lega di eroi senza precedenti. Finalmente insieme, [en]Batman[/en], [en]Wonder Woman[/en], [en]Aquaman[/en], [en]Cyborg[/en] e [en]Flash[/en] potrebbero essere in ritardo per salvare il pianeta da [en]Steppenwolf[/en], [en]DeSaad[/en] e [en]Darkseid[/en] e dalle loro terribili intenzioni.', 5, '2021-03-18', 70000000, 657900000, NULL, NULL),
(77, '[en]Room[/en]', '[en]Room[/en]', 118, 'mNm1N9fvXKi0btgdj9MS3h4osBu.jpg', 'Room racconta la straordinaria storia di [en]Jack[/en], un bambino vivace di 5 anni che viene accudito dalla sua amorevole e devota Ma\' (Brie Larson, vincitrice dell\'Oscar 2016 come migliore attrice protagonista). Come ogni buona madre, Ma\' fa di tutto affinché [en]Jack[/en] sia felice ed al sicuro, ricoprendolo d\'amore e calore e passando il tempo a giocare e raccontare storie. La loro vita però, è tutt\'altro che normale - sono intrappolati- confinati in uno spazio senza finestre di 3 metri x 3, che Ma\' eufemisticamente chiama \"Stanza\". All\'interno di questo ambiente Ma\' crea un intero universo per [en]Jack[/en], e fa qualsiasi cosa per garantire al figlioletto una vita normale ed appagante anche in un luogo così infido. Ma di fronte ai crescenti interrogativi di [en]Jack[/en] circa la loro situazione, e la ormai debole resistenza di Ma\', decidono mettere in atto un piano di fuga molto rischioso, che potrebbe metterli però di fronte ad una realtà ancora più spaventosa: il mondo reale.', 5, '2015-10-16', 13000000, 35401758, NULL, NULL),
(78, 'Il diritto di contare', '[en]Hidden Figures[/en]', 127, 'd6JTN9J9cAwCLDS37FsXTXbl1OQ.jpg', '[en]Katherine Johnson[/en], [en]Dorothy Vaughn[/en] e [en]Mary Jackson[/en] sono tre donne afro-americane. Lavorano alla Nasa e sono le menti brillanti che hanno messo a punto il primo programma di missioni spaziali che ha portato uomini come l\'astronauta [en]John Glenn[/en] in orbita. Il loro operato, basato sull\'elaborazione di importanti dati matematici, ha contribuito a ridare nuova fiducia alla nazione, ridefinire la corsa nello spazio e stupire il mondo. Da visionarie quali sono, hanno avuto la meglio sugli stereotipi di genere e razza, divenendo fonte di ispirazione per le giovani generazioni.', 5, '2016-12-10', 25000000, 235956898, NULL, NULL),
(79, '[en]Jojo Rabbit[/en]', '[en]Jojo Rabbit[/en]', 108, '2vv0tEFH10YG3hMRCOhiWsw7bOk.jpg', '[en]Jojo[/en], un bambino cresciuto dalla sola madre, ha come unico alleato il suo amico immaginario [de]Adolf Hitler[/de]. Il suo ingenuo patriottismo viene però messo alla prova quando incontra una ragazzina che stravolge le sue convinzioni sul mondo, costringendolo ad affrontare le sue paure più grandi.', 5, '2019-10-18', 14000000, 82468705, NULL, NULL),
(80, 'Il castello errante di [en]Howl[/en]', '[ja]ハウルの動く城[/ja]', 119, 'q46kf8ElR1ej9tSrlNgAFMe3IAM.jpg', '[en]Sophie[/en] ha diciotto anni e ogni giorno lavora instancabilmente nel negozio di cappelli del suo defunto padre. Un giorno, durante una rara escursione in città, per caso incontra il Mago [en]Howl[/en]. [en]Howl[/en] è ardito e bello, ma come tutti i maghi un po\' smidollato. La Strega della Spazzatura, equivocando la natura del loro rapporto, getta una maledizione su [en]Sophie[/en], trasformandola in una novantenne rugosa. [en]Sophie[/en] va via di casa e girovaga in una distesa desolata dove per caso entra nel castello mobile di [en]Howl[/en]. Nascondendo la sua identità, diventa la donna delle pulizie. La vecchia petulante [en]Sophie[/en] rimette a posto la casa, con molto più brio di quanto ne avesse in origine. Cosa farà [en]Sophie[/en] e cosa capiterà tra lei e [en]Howl[/en]?', 5, '2004-09-09', 24000000, 236049757, NULL, NULL),
(81, 'Crudelia', '[en]Cruella[/en]', 134, 'y87a7TCp0SIHE2YXfyS0dN8Tghk.jpg', 'L\'adolescente Estella ha un sogno. Desidera diventare una stilista, essendo dotata di talento, innovazione e ambizione in egual misura. Ma la vita sembra intenzionata ad assicurarsi che i suoi sogni non si avverino mai. Dopo essere finita senza un soldo e rimasta orfana a Londra a dodici anni, quattro anni dopo Estella corre selvaggia per le strade della città con i suoi migliori amici e compagni di criminalità, Gaspare e Orazio, due ladri dilettanti. Quando un incontro casuale porta Etsella nel mondo dei giovani ricchi e famosi, tuttavia, inizia a mettere in discussione l\'esistenza che si è costruita per se stessa a Londra e si chiede se, dopotutto, potrebbe essere destinata a qualcosa di più. Quando una rockstar emergente incarica Estella di disegnargli un pezzo caratteristico, inizia a sentirisi come se fosse davvero arrivata.', 5, '2021-05-26', 200000000, 233503234, 19, NULL),
(82, 'Il pianista', '[en]The Pianist[/en]', 150, 'eZaGrYtMM2FnssT7WD4XfWbWEB8.jpg', 'È la storia di [pl]Wladyslaw Szpilman[/pl], pianista ebreo polacco, attraverso la Seconda Guerra Mondiale, dall’occupazione di Varsavia all’arrivo dell’Armata Rossa. Il film è diviso in due parti: la prima è incentrata sulla famiglia [pl]Szpilman[/pl], dall’iniziale mix di stupore e indignazione per le leggi razziali alla reclusione nel ghetto, infine alla deportazione; col treno che parte, e [pl]Wladyslaw[/pl] che rimane giù, inizia la seconda parte, la fuga del pianista, il suo continuo cambiar nascondiglio, sempre a un passo dalla cattura, a mezzo dalla morte, a nessuno dall’orrore che in quegli anni ha avvolto Varsavia – non solo Varsavia.', 5, '2002-09-17', 35000000, 120072577, NULL, NULL),
(83, '[en]Wonder[/en]', '[en]Wonder[/en]', 113, '9pMD8L0vEn5cgreXFX6IVinwzhs.jpg', 'Nato con un\'anomalia facciale che non gli ha mai consentito di frequentare una scuola normale, [en]Auggie Pullman[/en] diventa il più improbabile degli eroi quando viene ammesso all\'ultimo anno delle elementari. Mentre la sua famiglia, i suoi nuovi compagni di classe e tutta la comunità lotta per scoprire la propria compassione e accettazione, la straordinaria storia di [en]Auggie[/en] unirà tutti quanti e dimostrerà che non occorre nascondersi quando si è nati per differenziarsi dagli altri.', 5, '2017-11-13', 20000000, 305937718, 20, NULL),
(84, '[en]Oldboy[/en]', '[ko]올드보이[/ko]', 119, 'idBaREsAGTjPZPrlAd1w8SVzUzd.jpg', 'È la storia di [ko]Dae-su[/ko], imprigionato per 15 anni senza sapere perché, e della sua implacabile vendetta una volta libero. Non dovrà cercare lontano, perché il suo persecutore non ha ancora chiuso la partita. L\'appena conosciuta e subito amata [ko]Mi-do[/ko] lo accompagnerà alla ricerca della rivincita e, più ancora, del motivo della sua prigionia.', 5, '2003-11-21', 3000000, 15194593, NULL, NULL),
(85, 'Il buono, il brutto, il cattivo', 'Il buono, il brutto, il cattivo', 179, 'sOTQkPoEZd7ImsZBuXfu4BqZ6JS.jpg', 'Durante la guerra di Secessione, tre spregiudicati avventurieri, cercano di impossessarsi di un carico d\'oro che gli permetterebbe di chiudere con la vita da pistoleri. Ma la guerra li costringerà a cambiare i loro piani.', 5, '1966-12-23', 1200000, 25253887, NULL, NULL),
(86, '[en]Apocalypse Now[/en]', '[en]Apocalypse Now[/en]', 150, 'oDQGZrV2wasxHhHsfhAnCkqpfqa.jpg', 'A Saigon, durante la guerra in Vietnam il capitano dei corpi speciali [en]Benjamin Willard[/en] riceve dai superiori l\'ordine di trovare ed eliminare il colonnello [en]Walter[/en] [de]Kurtz[/de] che uscito con i suoi soldati dai ranghi dell\'esercito americano, sta combattendo una guerra personale ai confini fra il Vietnam e la Cambogia. Scortato da alcuni uomini, [en]Willard[/en] risale un fiume a caccia del colonnello. Dopo varie peripezie il capitano individua [de]Kurtz[/de]all\'interno di una sorta di reggia-tempio protetta dalla vegetazione e da numerosi indigeni armati. [en]Willard[/en] non sa che fare, ma è lo stesso [de]Kurtz[/de]che lo induce ad eseguire la condanna.', 5, '1979-08-15', 31500000, 150000000, NULL, NULL),
(87, 'La parola ai giurati', '[en]12 Angry Men[/en]', 96, '6lvkCuYuqpbmK1OPcv5oKleWbgV.jpg', 'Dodici giurati sono riuniti in consiglio per decidere della sorte di un diciottenne accusato d\'omicidio. Undici lo ritengono colpevole. Soltanto uno, [en]Davis[/en], lo considera innocente; trattandosi di una possibile condanna a morte, è necessaria l\'unanimità. Con appassionata eloquenza e con il rigore dei suoi ragionamenti, [en]Davis[/en] convince gli altri uno a uno che l\'accusa non regge.', 5, '1957-04-10', 350000, 1000000, NULL, NULL),
(88, 'Orgoglio e pregiudizio', '[en]Pride & Prejudice[/en]', 129, 'bA4gEvNLIpwVV1JaU4S4yueLjP8.jpg', 'Nell\'Inghilterra rurale di fine \'700 un giovane aristocratico a cui non difettano le ricchezze, [en]Charles Bingley[/en], affitta la tenuta vicina a quella dei [en]Bennet[/en], a cui non difettano invece le figlie da maritare. Una sera, durante una festa danzante, [en]Bingley[/en] fa il suo ingresso nella sala scatenando lo scompiglio fra le fanciulle del paese che desiderano un giro di danza e un (buon) partito. Accompagnato dall\'altezzosa sorella e dal bello quanto presuntuoso [en]Signor Darcy[/en], [en]Bingley[/en] si innamora perdutamente della primogenita dei [en]Bennet[/en], la timida e placida [en]Jane[/en]. Amore a prima vista sarebbe anche per [en]Darcy[/en] e la secondogenita [en]Bennet[/en], [en]Lizzie[/en], se non fosse per quella loro indole indomita e poco incline al confronto.', 5, '2005-09-16', 28000000, 121616555, NULL, NULL),
(89, '[en]The Help[/en]', '[en]The Help[/en]', 146, '2v6g7d0dhoBO8GeY51zZTUGNxB4.jpg', 'Nel Mississippi, durante gli anni Sessanta, [en]Eugenia Skeeter Phelan[/en] dopo aver terminato gli studi ha l’intenzione di divenire un giorno scrittrice e raccontare la storia delle discriminazioni razziali a cui sono costrette le donne di colore che, come [en]Aibileen[/en] e [en]Minnie[/en], da sempre si prendono cura delle famiglie della zona. La ragazza rivoluzionerà con le sue interviste per un libro la vita di amici e concittadini, costretti a rivedere le loro ataviche convinzioni, di cui la portavoce per eccellenza è [en]Hilly Holbrook[/en], reginetta dei salotti borghesi.', 5, '2011-08-09', 25000000, 216639112, NULL, NULL),
(90, 'Principessa [ja]Mononoke[/ja]', '[ja]もののけ姫[/ja]', 134, '3alL6upCn0GX9Rp1RXtGzmJbEQa.jpg', 'In seguito allo scontro con un animale posseduto da un demone il principe [ja]Ashitaka[/ja] viene contaminato da una maledizione mortale. Si mette dunque in viaggio per scoprirne l\'origine e chiedere una cura al grande Dio Bestia, l\'unico in grado di guarirlo. Arrivato nelle regioni da cui proveniva la bestia scopre una guerra tra uomini e una forma primitiva di animali della foresta, giganti, senzienti e aiutati da quella che chiamano la Principessa Spettro, una ragazza cresciuta dai lupi che ha rinnegato gli uomini. Dall\'altra parte gli uomini, capitanati da [en]Lady[/en] [ja]Eboshi[/ja] che gestisce con amore, giustizia e pietà il suo villaggio di fabbri, vogliono lavorare la montagna e abbattere gli alberi per poter estrarre il ferro (fonte di ricchezza). In mezzo un gruppo di monaci cerca di fomentare gli uomini ad uccidere il Dio Bestia e rubarne la testa perchè, si dice, fornisca l\'eterna giovinezza.', 5, '1997-07-12', 26500000, 159414369, NULL, NULL),
(91, 'Il mio vicino Totoro', '[ja]となりのトトロ[/ja]', 86, '86jZDyajHufXUuSFSASuXWOb5gJ.jpg', 'Le sorelline [ja]Satsuki[/ja] e [ja]Mei[/ja] si trasferiscono insieme al padre in una nuova casa in campagna. Per le due bambine inizia un viaggio alla scoperta di un nuovo mondo, abitato da creature fantastiche: dai nerini del buio, spiritelli della fuliggine, a buffi esseri di pelo di varie dimensioni, tra cui Totoro, lo spirito buono della foresta! Insieme a lui, [ja]Satsuki[/ja] e la piccola [ja]Mei[/ja] vivranno una magica e straordinaria avventura all’insegna dell’amicizia!', 5, '1988-04-16', 3700000, 45000000, NULL, NULL),
(92, '[fr]Le Mans[/fr] \'66 - La grande sfida', '[en]Ford v Ferrari[/en]', 152, 'nKVOiiCukJsXNYPETbIWqZaBYd.jpg', '[en]Carroll Shelby[/en] è il pilota che nel \'59 ha vinto la 24 ore di [fr]Le Mans[/fr], la più ardua delle gare automobilistiche. Quando scopre di non poter più correre per una grave patologia cardiaca si dedica a progettare e vendere automobili. Con lui c\'è il suo fedele amico e collaudatore [en]Ken Miles[/en], dotato di uno spiccato talento per la guida, ma anche di un carattere complicato. Insieme accetteranno la sfida targata [en]Ford[/en] di sconfiggere la Ferrari e si batteranno per vincere una nuova 24 ore di [fr]Le Mans[/fr], contro tutti, a bordo di un nuovo veicolo messo a punto da loro stessi.', 5, '2019-11-13', 97600000, 225508210, NULL, NULL),
(93, '[en]City of God[/en]', '[pt]Cidade de Deus[/pt]', 130, '5jgo0yek9pzYF94aNaVrvKgfo2k.jpg', '[pt]Rio de Janeiro[/pt], dagli anni ’60 agli ’80. La favela di [pt]Cidade de Deus[/pt] diventa il palcoscenico delle storie parallele di [pt]Buscapé[/pt] e [pt]Dadinho[/pt]. Entrambi tredicenni, sono però mossi da ambizioni diversissime: il primo vorrebbe diventare fotografo, il secondo il più temuto criminale della città. Se [pt]Buscapé[/pt] trova molti ostacoli nella realizzazione dei propri sogni, [pt]Dadinho[/pt] diventa rapidamente padrone del quartiere e del narcotraffico con lo pseudonimo di [pt]Zé Pequeno[/pt]. La morte del suo braccio destro [pt]Bené[/pt] e la violenza perpetrata ai danni della fidanzata del mite [pt]Galinha[/pt] innescheranno una guerra tra bande dall’esito tragico.', 5, '2002-02-05', 3300000, 30641770, NULL, NULL),
(94, 'Lion - La strada verso casa', '[en]Lion[/en]', 118, 'k67qFl6nBlewk4EuMVhMuYMqjPC.jpg', 'Saroo, un bambino di cinque anni, è da solo e, spaventato e confuso, si ritrova dopo un lungo viaggio in treno nella caotica Calcutta, lontano un migliaio di miglia da casa. Cercando di sopravvivere alla vita di strada, finisce per essere adottato da una coppia di australiani che lo cresce con amore a [en]Hobart[/en]. Non volendo ferire i sentimenti dei genitori adottivi, Saroo seppellisce il suo passato e il desiderio di ritrovare la madre e il fratello biologici. Un incontro casuale però riporterà a galla il suo sogno, facendolo imbarcare in una delle più grandi avventure della sua vita.', 5, '2016-11-24', 12000000, 140312928, NULL, NULL),
(95, '[jp]Hachiko[/jp] - Il tuo migliore amico', '[jp]Hachi[/jp]: [en]A Dog\'s Tale[/en]', 94, 'ag59RClKGBa60Ymbcucr73394yV.jpg', '[jp]Hachi[/jp] è un cucciolo di razza [jp]Akita[/jp] perduto sulla banchina di una stazione da un facchino sbadato. Approdato in America dal lontano Tibet, [jp]Hachi[/jp]è raccolto dall\'abbraccio amorevole di [en]Parker Wilson[/en], insegnante di musica ispirato, marito e padre esemplare. Vincendo le resistenze della moglie, [en]Parker[/en] lo accoglie nella sua casa e nella sua vita, scandita dai treni, quello delle otto e quello delle cinque. [jp]Hachi[/jp], deciso a non perdersi un respiro del suo padrone, lo accompagna ogni mattina al binario e lo attende ogni sera nel piazzale della stazione. Tra una partita degli [en]Yankees[/en] e una pallina da baseball mai recuperata, [en]Parker[/en] e [jp]Hachi[/jp]condividono il divano, la vasca da bagno e le stagioni. Un avvenimento traumatico interromperà quel quotidiano (stra)ordinario ma non piegherà la fedeltà di [jp]Hachi[/jp]verso l\'impegno preso. Aspettare il ritorno e le carezze di [en]Parker[/en].', 5, '2009-06-08', 16000000, 46749646, NULL, NULL),
(96, '[en]Lock & Stock[/en] - Pazzi scatenati', '[en]Lock, Stock and Two Smoking Barrels[/en]', 107, 'b2U6RVPmbQQVAajHwtmTwUBuF22.jpg', 'Quattro ragazzi tentano la fortuna nel gioco d\'azzardo ma si ritorvano fortmente indebitati con un boss locale. Disperati, decidono di derubare dei coltivatori di erba, ma le cose non andranno nel modo stabilito.', 5, '1998-08-28', 1350000, 28356188, NULL, NULL),
(97, 'La cosa', '[en]The Thing[/en]', 104, 'h1lYX878rUq0SidQNCC2w0fqPPN.jpg', 'Gli scienziati di una base di ricerche in Alaska raccolgono un cane lupo che i loro colleghi norvegesi hanno tentato di abbattere. Lo mettono nel canile mentre due di essi si recano nella base norvegese che trovano abbandonata e piena di cadaveri. Trovano anche i resti di quello che sembra un disco volante. In breve il cane viene posseduto da una strana forza e si trasforma in belva. Il panico si diffonde nella base.', 5, '1982-06-25', 15000000, 19629760, 21, NULL),
(98, 'Tuo, [en]Simon[/en]', '[en]Love, Simon[/en]', 109, 'sehXVCoR9cZ13x1NFf9bmBFgQVe.jpg', 'Tutti meritano una grande storia. Ma per [en]Simon[/en], è complicato: non solo perché sono gli anni del liceo, ma anche perché custodisce un segreto che non sa come rivelare agli amici e alla famiglia. Per farlo e affrontare la paura, avrà bisogno di tutto il suo coraggio (e della sua ironia).', 5, '2018-02-16', 17000000, 66316289, NULL, NULL),
(99, 'La finestra sul cortile', '[en]Rear Window[/en]', 112, 'kWoq5wk8ufremseE3HbCm5ZMxp7.jpg', 'Costretto sulla sedia a rotelle da un incidente sul lavoro che gli ha procurato la frattura della gamba sinistra, un fotoreporter d\'azione passa il tempo spiando col teleobiettivo i suoi vicini di casa, e con l\'aiuto della fidanzata e dell\'infermiera scopre che é stato commesso un omicidio...', 5, '1954-08-01', 1000000, 37034514, NULL, NULL),
(100, 'Il petroliere', '[en]There Will Be Blood[/en]', 158, 'djImsRRWpxOGxfSaTl1UWTf8ZoK.jpg', '[en]Daniel Plainview[/en] è un cercatore d\'argento che, alla fine dell\'800 trova il petrolio nell\'Ovest degli Stati Uniti. La sua ricchezza diventa considerevole, ma l\'uomo, sempre più accecato da una misantropia assoluta, allontanerà da sé anche il figlio, precipitando sempre più nell\'avidità del possesso.', 5, '2007-12-26', 25000000, 77208711, NULL, NULL),
(101, 'Io sono nessuno', '[en]Nobody[/en]', 92, 'iECT5xNf72P7cx9LDMrEwhGYD5O.jpg', '[en]Hutch Mansell[/en], padre e marito sottostimato e trascurato, è abituato a non reagire a nessuna umiliazione. Quando una notte due ladri irrompono nella sua abitazione in periferia, rifiuta di difendere se stesso o la sua famiglia, sperando di prevenire violenze maggiori. Il figlio adolescente [en]Blake[/en] è deluso dal suo comportamento e la moglie [en]Becca[/en] comincia ad allontanarsi maggiormente da lui. All\'indomani dell\'accaduto, la rabbia che [en]Hutch[/en] cova esplode spingendolo a manifestare tutta la violenza di cui è capace. Si ritroverà allora a dover difendere come meglio può la sua famiglia da un pericoloso avversario e ad assicurarsi di non essere mai più sottovalutato da nessuno.', 5, '2021-03-18', 17000000, 61779301, NULL, NULL),
(102, '[en]Top Gun: Maverick[/en]', '[en]Top Gun: Maverick[/en]', 131, 'keAFiVKfJGXENjmSjsSG5blbWJ0.jpg', 'Dopo più di trent’anni di servizio nella Marina, il Tenente [en]Pete “Maverick” Mitchell[/en] è proprio dove vorrebbe essere: un pilota coraggioso che può spingersi oltre ogni limite, cercando di schivare l’avanzamento di carriera che metterebbe un freno alla sua libertà. Quando viene richiamato ad addestrare i migliori allievi [en]Top Gun[/en] per una missione specializzata che nessuno al mondo ha mai portato a compimento, [en]Maverick[/en] incontra il Tenente [en]Bradley Bradshaw[/en], nome in codice “[en]Rooster[/en]: è il figlio di [en]Nick[/en] , il compianto “[en]Goose[/en]”. Alle prese con un futuro incerto e con i fantasmi del passato, [en]Maverick[/en] deve confrontarsi con le sue paure più profonde, fino ad una missione che richiederà il sacrificio ultimo di quelli che sceglieranno di parteciparvi.', 5, '2022-05-24', 170000000, 1482656000, 22, NULL),
(103, 'A un metro da te', '[en]Five Feet Apart[/en]', 116, 'nuIlrl1jBwvKSOjXGqba418nwWF.jpg', 'Stella, diciassettenne, trascorre la maggior parte del tempo in ospedale perché affetta da fibrosi cistica. La sua vita è piena di [fr]routine[/fr], confini e autocontrollo: tutti sono messi alla prova quando incontra [en]Will[/en], un adolescente incredibilmente affascinante che ha la sua stessa malattia.', 5, '2019-03-14', 7000000, 91500000, NULL, NULL),
(104, 'La donna che visse due volte', '[en]Vertigo[/en]', 128, '5Aae7GBLVvuCPHlWDhvswcxuaZv.jpg', 'A causa delle sue vertigini, l\'agente [en]Ferguson[/en] è a riposo per non aver impedito un incidente mortale a un collega. Un amico gli chiede di sorvegliare sua moglie, che ha manie suicide. Di fronte a [en]Ferguson[/en], paralizzato dalle vertigini, la donna si butta da un campanile, o almeno così crede il povero agente. Ma un giorno un incontro casuale rimette tutto in gioco.', 5, '1958-05-28', 2479000, 7797728, NULL, NULL),
(105, 'Casinò', '[en]Casino[/en]', 178, '6zEZY1htzRos2w0W3T7o7W1WJhp.jpg', 'A [en]Las Vegas[/en], un giocatore d\'azzardo viene assoldato dalla Famiglia per dirigere un casinò. Il suo sogno é quello di diventare ricco e rispettabile ma ad ostacolarlo sarà il carattere della moglie ed un suo amico [en]gangster[/en].', 5, '1995-11-22', 52000000, 116112375, NULL, NULL),
(106, 'Il dottor Stranamore, ovvero: come ho imparato a non preoccuparmi e ad amare la bomba', '[en]Dr. Strangelove or: How I Learned to Stop Worrying and Love the Bomb[/en]', 95, 'eQG4dGLeOZZBSevOtSvSQhclp08.jpg', 'Uno psicopatico generale dell\'aviazione [en]{abbr}United States of America;USA{/abbr}[/en], deciso a salvare il mondo dal complotto comunista, è pronto ad attaccare l\'Unione Sovietica con armi nucleari. Uno dei pochi capolavori di satira politica nella storia del cinema che riflette gli incubi apocalittici dei primi anni \'60. Il più forsennato e meno controllato film di [de]Kubrick[/de] con [en]Peter Sellers[/en] in 3 ruoli al culmine del suo istrionismo. Non vinse nemmeno uno dei 4 Oscar cui era candidato. Dal romanzo [en]Red Alert[/en] (1958) di [en]Peter George[/en] che lo sceneggiò con [en]Terry Southern[/en] e il regista.', 5, '1964-01-29', 1800000, 9523464, NULL, NULL),
(107, 'Quarto potere', '[en]Citizen Kane[/en]', 119, 'zUBk9AkR1aiTfAMIdL5xpbA6AQY.jpg', 'Alla morte del magnate [en]Kane[/en] ([en]Welles[/en]), un giornalista ([en]Cotten[/en]) indaga sulla sua vita: dalla sua infanzia alla sua ascesa nel mondo della stampa e della finanza, alla sua storia d\'amore con una cantante lirica mancata alla solitaria fine nella lussuosa e sconfinata tenuta di Xanadu.', 5, '1941-04-17', 839727, 23218000, NULL, NULL),
(108, '[en]Gifted[/en] - Il dono del talento', '[en]Gifted[/en]', 101, 'dNfPsLB2NlZJbPUT7D1WwehPpmS.jpg', '[de]Frank Adler[/de] è un uomo che cresce da solo la prodigiosa nipotina [en]Mary[/en] in una città costiera della Florida. I piani di [de]Frank[/de] per garantire un\'educazione normale a [en]Mary[/en] vanno in fumo quando le incredibili capacità matematiche della piccola vengono scoperte da sua madre [en]Evelyn[/en], i cui progetti rischieranno di separare per sempre zio e nipote.', 5, '2017-04-12', 7000000, 40343446, NULL, NULL),
(109, 'Casablanca', '[en]Casablanca[/en]', 102, 'pf1qqufLTApFwHDWRnGMYpM06Nw.jpg', 'Nel principale porto del Marocco nel 1941 si incontrano poliziotti francesi, spie naziste, fuoriusciti antifascisti, avventurieri di rango, piccoli sciacalli. L\'americano [en]Rick Blaine[/en], proprietario di un bar, aiuta [no]Ilsa[/no], la donna che amava (e ama ancora) e suo marito, perseguitato politico, a lasciare in aereo la città.', 5, '1942-11-26', 878000, 10462500, NULL, NULL),
(110, 'C\'era una volta in America', '[en]Once Upon a Time in America[/en]', 229, 'dEivhv67W4qOUREIm7P9bNH10Kh.jpg', 'Il quartiere ebraico della [en]New York[/en] anni \'20 costituisce il campo delle gesta di una piccola banda di ragazzini. Li capeggiano [en]Max[/en] e [en]Noodles[/en], la strada è il loro regno per scippi, furterelli, ricatti al poliziotto di zona e così via. Ma i ragazzi crescono, e l\'epoca del proibizionismo incalza...', 5, '1984-05-23', 30000000, 5472914, NULL, NULL),
(111, 'La tomba delle lucciole', '[ja]火垂るの墓[/ja]', 93, 'kwXG1DSpciHsBvcBojqMqGkU7pe.jpg', 'Giappone, 21 settembre 1945. Alla stazione di [jp]Kobe[/jp], il quattordicenne [jp]Seita[/jp] muore di inedia. Il suo spirito ripercorre i tragici eventi degli ultimi quattro mesi: i bombardamenti americani, il cadavere della madre sfigurato dalle ustioni, il padre a difendere la gloria dell\'impero nella sua bianca uniforme da ufficiale di marina. E poi l\'orgoglio, la fuga, i furti, la fame. Questa notte spaventosa è rischiarata dai flebili bagliori delle lucciole. Ma all\'alba non ne rimarrà più nessuna.', 5, '1988-04-16', 3700000, 516962, NULL, NULL),
(112, '[en]Miracle in Cell No. 7[/en]', '[fr]La Cellule Numéro 7[/fr]', 127, 'sOfUbzu6OUL5cscGODPdpHn9C1g.jpg', 'Separato dalla sua bambina, un padre con disabilità intellettiva viene incarcerato per la morte della figlia di un comandante. Dovrà dimostrare la propria innocenza.', 5, '2019-10-10', NULL, 19289062, NULL, NULL),
(113, 'Il coraggioso prenderà la sposa', '[hi]दिलवाले दुल्हनिया ले जायेंगे[/hi]', 190, '2CAL2433ZeIihfX1Hb2139CX0pW.jpg', NULL, 5, '1995-10-19', 13200000, 100000000, NULL, NULL),
(114, 'Contrattempo', '[es]Contratiempo[/es]', 107, 'jeDX0eAYbDsAP0hTuGrhZQWjoGW.jpg', 'Dopo essersi svegliato a fianco del cadavere dell\'amante, un giovane uomo d\'affari ingaggia un\'avvocatessa per capire in che modo è finito tra gli indagati di omicidio.', 5, '2017-01-06', 4000000, 30000000, NULL, NULL),
(115, 'C\'era una volta il [en]West[/en]', 'C\'era una volta il [en]West[/en]', 166, '6ldVV8isyLQcFy6VHK8jeGgvepF.jpg', 'Mentre i costruttori della ferrovia marciano inarrestabilmente attraverso il deserto dell\'Arizona sulla loro strada verso il mare, [en]Jill[/en] arriva nella piccola città di [en]Flagstone[/en] intenzionata a iniziare una nuova vita.', 5, '1968-12-21', 5000000, 5380118, NULL, NULL),
(116, 'Nuovo Cinema Paradiso', 'Nuovo Cinema Paradiso', 155, 'Q1t8Fg8xnRPMrPhm43IzZFX2lv.jpg', 'È la storia dell\'amicizia tra Alfredo, proiezionista del cinematografo parrocchiale del paesino di Giancaldo in Sicilia, e Salvatore, diventato poi da grande affermato regista a Roma. Alla notizia della morte di Alfredo, Salvatore ripercorre nella sua memoria i momenti più significativi di questa amicizia e decide di tornare al suo paese per i funerali. Ma tra le altre sorprese scoprirà che la sala del Nuovo Cinema Paradiso sta per essere abbattuta.', 5, '1988-11-17', 5000000, 11990401, NULL, NULL),
(117, '[en]Amadeus[/en]', '[en]Amadeus[/en]', 160, 'jx74Y4u4AlSx5UZQ4ep1io5e2qL.jpg', 'Nel 1823 al manicomio di Vienna Antonio Salieri, acclamato musicista di Corte, confessa un tremendo segreto: ha consumato la vita nel tentativo di distruggere [de]Mozart[/de], volgare e libertino, indegno, secondo lui, dei doni divini. Sotto il segno del più scatenato gusto del gioco, è una riflessione sul contrasto tra genio e mediocrità e sull\'invidia. Scritto dall\'inglese [en]Peter Shaffer[/en], da una sua [fr]pièce[/fr] (1979). Omaggio a Praga. Splendide immagini, due grandi interpreti. 8 Oscar: film, regia, sceneggiatura, attore, costumi, suono, trucco, scenografia. Non tenendo conto che, in fondo, è un [de]Mozart[/de]visto da Salieri i molti mozartiani di stretta osservanza hanno eccepito sulla fedeltà storica, specialmente sulle libertà prese per la genesi del Requiem, ma avrebbero da lamentarsi di più i pochi ammiratori di Salieri. Al Festival di Berlino 2002 fu presentata una edizione restaurata ([en]Director\'s Cut[/en]) e allungata di oltre 20 minuti.', 5, '1984-09-19', 18000000, 51973029, NULL, NULL),
(118, 'La vita è meravigliosa', '[en]It\'s a Wonderful Life[/en]', 129, 'dz4uDePDp8wJd9qRyk63ZzbGZ2Y.jpg', 'È la viglia di Natale e [en]George Bailey[/en] è solo, su un ponte, con cattive intenzioni. Lui che ha rinunciato a tutto pur di mandare avanti l\'attività del padre, morto prematuramente, ora si trova di fronte allo spettro del fallimento. Sarebbe stato meglio non esser mai nati, pensa lui. A quel punto scende giù dal cielo un angelo a mostrargli cosa sarebbe successo se lui non fosse mai nato.', 5, '1946-12-20', 3180000, 9644124, NULL, NULL),
(119, 'Il sospetto', '[da]Jagten[/da]', 115, 'foPpZ01yEQFl4qpFfQmy5xaMv84.jpg', 'Dopo un difficile divorzio, il quarantenne [da]Lucas[/da] ha una nuova compagna e un nuovo lavoro, e sta finalmente recuperando il rapporto col figlio adolescente, [da]Marcus[/da]. Ma qualcosa va storto. Durante le feste natalizie, una storia inventata, una bugia qualsiasi si diffonde come un virus. Lo [en]shock[/en] e i sospetti prendono il sopravvento e la piccola comunità viene travolta da un’ondata di isteria collettiva, mentre [da]Lucas[/da] combatte una battaglia solitaria per difendere la sua vita e la sua dignità.', 5, '2012-10-25', 3800000, 18309793, NULL, NULL),
(120, '[en]Sing[/en] 2 - Sempre più forte', '[en]Sing 2[/en]', 112, 'tyuZo3ZgtNszmN0HTx8dLTQbs46.jpg', '[en]Buster[/en] e il suo [en]cast[/en] hanno trasformato il [en]New Moon Theater[/en] in un successo locale, ma [en]Buster[/en] ha messo gli occhi su un premio più grande: debuttare con un nuovo spettacolo al [en]Crystal Tower Theater[/en] nell’affascinante [en]Redshore City[/en]. Ma senza conoscenze, [en]Buster[/en] e i suoi devono intrufolarsi negli uffici di fama mondiale [en]Crystal Entertainment[/en], gestiti da un lupo magnate e spietato di nome [en]Jimmy Crystal[/en]. In un disperato tentativo di ottenere l’attenzione di [en]Mr. Crystal[/en], [de]Gunter[/de] lancia spontaneamente un’idea che [en]Buster[/en] accetta con facilità, promettendo che nel loro nuovo spettacolo ci sarà la leggenda del leone [en]rock[/en] [en]Clay Calloway[/en]. Il problema è che [en]Buster[/en] non ha mai incontrato [en]Clay[/en], artista che si è allontanato dal mondo più di dieci anni fa e dopo la perdita di sua moglie. Mentre [de]Gunter[/de] aiuta [en]Buster[/en] a sognare un capolavoro teatrale, e la pressione (e le minacce sinistre) di [en]Mr. Crystal Mount[/en], [en]Buster[/en] intraprende una ricerca per trovare [en]Clay[/en] e convincerlo a tornare sul palco.', 5, '2021-12-01', 85000000, 406000000, 23, NULL),
(121, 'Per qualche dollaro in più', 'Per qualche dollaro in più', 132, '1xCzSCTyDaRh8uj1iGEVtlaxe4e.jpg', 'Due cacciatori di taglie sulle tracce di un bandito sanguinario e megalomane. Un cacciatore di taglie, [es]poncho[/es] sulle spalle ed eterno sigaro in bocca, si associa con un suo collega, molto più distinto ma altrettanto spietato, per dare la caccia all\'Indio. Questi è un feroce fuorilegge che, evaso con l\'aiuto dei suoi compari, organizza una rapina alla banca di [es]El Paso[/es]. Ma non andrà molto lontano. Dopo lo strepitoso successo di  \"Per un pugno di dollari\"  Leone ripropone i suoi personaggi. Eccessivo e barocco, padrone di uno stile immediatamente riconoscibile tra i tanti imitatori già all\'opera, Leone consolida la sua fama. Da ricordare [fr]Volonté[/fr] nei panni dell\'Indio e la comparsata di [de]Klaus Kinski[/de], gobbo e nevrotico.', 5, '1965-12-18', 600000, 15000000, NULL, NULL),
(122, 'L\'odio', '[fr]La Haine[/fr]', 98, 'fO9B1SHiTBm2A1pUh6WQinV8V1x.jpg', 'In [fr]Le Cité[/fr], un quartiere periferico parigino, scoppia il vento della rivolta dopo il pestaggio del sedicenne [ma]Abdel Ichaha[/ma] da parte della polizia. I giovani della [fr]banlieu[/fr] scendono in strada e si battono tutta la notte con gli agenti. Tra loro ci sono tre amici: l\'ebreo [de]Vinz[/de], il maghrebino [ma]Saïd[/ma] e il nero [fr]Hubert Dia[/fr], un trio di sfigati, disoccupati, arrabbiati e senza futuro.', 5, '1995-05-31', 2600000, 15300000, NULL, NULL),
(123, 'La forma della voce', '[ja]映画 聲の形[/ja]', 129, 'kebTSlQRdLCh8sLqkh0B0KaR8i.jpg', '[ja]Ogaki[/ja]. Il liceale [ja]Shoya Ishida[/ja] sta per saltare dal ponte per suicidarsi, ma all\'ultimo desiste. Cinque anni prima, ai tempi della scuola elemjatare, nella classe di [ja]Shoya[/ja] arriva [ja]Shoko Nishimiya[/ja], una ragazza sordomuta: l\'accoglijaza dei suoi compagni da timida divijae in breve tempo ostile. Per quanto [ja]Shoko[/ja] si sforzi di essere gjatile e disponibile con tutti, un gruppetto, capitanato da [ja]Shoya[/ja], si accanisce contro di lei. Cinque anni dopo [ja]Shoya[/ja] ancora non è in grado di darsi pace per i torti inflitti a [ja]Shoko[/ja], anche perché la consegujaza delle sue azioni passate è la totale solitudine.', 5, '2016-09-17', NULL, 30156463, NULL, NULL),
(124, '[de]Klaus[/de] - I segreti del Natale', '[de]Klaus[/de]', 97, '3dZ53GttlLPmCIHjlZbEvlwHYYn.jpg', '[da]Jesper[/da], il peggior studdate dell\'Accademia delle Poste, vidae spedito su un\'isola ghiacciata, oltre il Circolo Polare Artico, dove la gdate del posto fatica a scambiare qualche parola e tanto mdao lettere. [da]Jesper[/da] sta per arrdadersi quando trova un\'alleata in [da]Alva[/da], un\'insegnante del posto, e incontra [de]Klaus[/de], un misterioso falegname che vive da solo in una baita pidaa di giocattoli realizzati a mano.', 5, '2019-11-08', NULL, NULL, NULL, NULL),
(125, 'Il cacciatore', '[en]The Deer Hunter[/en]', 183, 'jzEI1i4kq2llejxhDETzk9GEBUJ.jpg', 'Tre giovani amici di origine ucraina, operai in un\'acciaieria di [en]Clairton[/en] ([en]Pennsylvania[/en]), partono per il Vietnam dopo aver festeggiato il matrimonio (rito ortodosso) di uno di loro. Catturati dai Vietcong, subiscono la tortura della [fr]roulette[/fr] russa, ma riescono a fuggire. [en]Mike[/en] (De Niro) rimpatria, carico di medaglie; [en]Steven[/en] ([en]Savage[/en]) perde le gambe e [en]Nick[/en] ([en]Walken[/en]) trova a [vi]Saigon[/vi] la morte che aveva cercato con accanimento. All\'inferno e ritorno. Il Vietnam occupa la parte centrale e un breve capitolo (enfatico) verso la fine, in cadenze di un\'apocalisse allucinata, di un carnevale di morte.', 5, '1978-03-09', 15000000, 50000000, NULL, NULL),
(126, 'Tempi moderni', '[en]Modern Times[/en]', 87, 'n7GhshWYUq5f7MxwMNxuOceazXo.jpg', '[fr]Charlot[/fr], operaio in un grande complesso industriale, estenuato dal ritmo frenetico di lavoro, perde la ragione. Ricoverato in una casa di cura, viene dimesso qualche tempo dopo per finire però quasi subito in prigione, a causa di una manifestazione di operai nella quale si ritrova casualmente coinvolto. Durante la detenzione, egli concorre, inconsapevole, a sventare una rivolta di detenuti; ciò gli frutta l\' immediata scarcerzione. Una volta libero, riprende la sua dura lotta per sopravvivere: gli è di conforto l\' amicizia di una giovane orfana, con cui divide fraternamente la propria casetta e quel po\' di cibo che riesce a procurarsi. Quando la ragazza trova lavoro in un cabaret e riesce a far assumere anche [fr]Charlot[/fr], ai due derelitti sembra schiudersi la prospettiva di un futuro migliore. La polizia, venuta a cercare la ragazza per ricondurla all\' orfanotrofio, li costringe però a fuggire dalla città per cercare altrove un po\' di tranquillità.', 5, '1936-02-05', 1500000, NULL, NULL, NULL),
(127, 'Le vite degli altri', '[de]Das Leben der Anderen[/de]', 137, 'wDeusk4e4uvigGNx6IYibMOrNks.jpg', 'Nei primi anni Ottanta, il drammaturgo di successo [de]Georg Dreyman[/de] e la sua compagna di sempre, la famosa attrice [de]Christa-Maria Sieland[/de], si trasferiscono a Berlino Est. I due sono considerati dalla [de]{abbr}DDR{/abbr}[/de] tra i più importanti intellettuali del regime comunista e sono tenuti in grande considerazione, malgrado in cuor loro [de]Georg[/de] e [de]Christa-Maria[/de] non siano sempre allineati con la linea del partito. Un giorno il ministro della cultura assiste ad uno spettacolo dell\'attrice e se ne innamora. Chiede allora a [de]Gerd Wiesler[/de], uno dei più valorosi agenti della Stasi, di avvicinare la coppia, conoscerla meglio, ed osservare ogni loro spostamento e interesse. Sarà la vita di [de]Gerd[/de] ad essere cambiata dal rapporto con lo scrittore.', 5, '2006-03-15', 2000000, 70000000, NULL, NULL),
(128, 'Memorie di un assassino', '[ko]살인의 추억[/ko]', 129, 'n6GHqnUBV0R0MWof77slsHYXskF.jpg', 'In un villaggio nella provincia di [ko]Gyunggi[/ko] viene rinvenuto il cadavere di una donna che prima di essere uccisa è stata stuprata. Due [en]detectives[/en] locali si fanno carico del caso ma, sebbene non usino i guanti bianchi nel condurre le indagini, non arrivano a nulla. Ad aiutare l\'inesperta coppia arriva da [ko]Seul[/ko] il collega [ko]Seo Tae-yoon[/ko], mentre altri omicidi commessi con lo stesso modus operandi cominciano a far pensare ad un [en]serial killer[/en]…', 5, '2003-05-02', 2800000, 26000000, NULL, NULL),
(129, '[fr]Mademoiselle[/fr]', '[ko]아가씨[/ko]', 144, '1oAhyXfE3ytjS6PxUjg5Yx2DtO8.jpg', 'La giovane ereditiera [ko]Hideko[/ko], alle soglie della maggiore età, è orfana di entrambi i genitori ed ha perso una zia, sorella della madre, cui era particolarmente legata. Vive quasi reclusa nella grande villa dello zio, un ricco collezionista di libri erotici che intende sposarla per impadronirsi del suo patrimonio.  Uno spregiudicato truffatore, che da tempo si fa chiamare Conte [ko]Fujiwara[/ko] millantando origini nobiliari, riesce a far assumere come domestica di [ko]Hideko[/ko] l\'abile borseggiatrice [ko]Sook-hee[/ko]. Egli intende servirsi della ragazza per scardinare l\'equilibrio della casa, sposare [ko]Hideko[/ko], mettere le mani sul suo patrimonio e infine sbarazzarsene, rinchiudendola in manicomio.', 5, '2016-06-01', 8575000, 37767206, NULL, NULL),
(130, 'A qualcuno piace caldo', '[en]Some Like It Hot[/en]', 120, 'aipwXQxe6kPOwB3hyqPprLdeag7.jpg', '[en]Joe[/en] e [en]Jerry[/en], due musicisti assistono per errore al massacro del giorno di San Valentino, a [en]Chicago[/en], nel 1929 e sono costretti a scappare. Per nascondersi si inseriscono un una piccola orchestra tutta femminile, fingendosi donne. Ma per per \"[fr]Josephine[/fr]\" e \"[fr]Daphne[/fr]\" sarà l\'inizio di una lunga serie di equivoci...', 5, '1959-03-19', 2883848, 25000000, NULL, NULL),
(131, 'I sette samurai', '[ja]七人の侍[/ja]', 207, 'e1rmQlUzbGmNUS59UC9cChYfFxa.jpg', 'Nel Giappone del XVI secolo in cui orde di soldati sbandati e dediti al brigantaggio saccheggiano le campagne, la popolazione di un povero villaggio decide di ricorrere ai samurai, nobile casta di soldati di ventura, nella speranza di trovare qualcuno disposto a impegnarsi in un\'impresa così umile e così poco remunerata. Li trovano.', 5, '1954-04-26', 2000000, 346300, NULL, NULL),
(132, '[en]The Elephant Man[/en]', '[en]The Elephant Man[/en]', 124, 'pPZYjdZ59fhxzNJgXZ3eZ0O3Vni.jpg', 'Londra, seconda metà dell\'Ottocento. A causa di una malattia molto rara, la neurofibromatosi, che gli ha dato sembianze mostruose, il giovane [en]John Merrick[/en] viene esposto come \"uomo elefante\" nel baraccone di [en]Bytes[/en], un alcolizzato che campa sfruttando la sua mostruosità e lo tratta come una bestia. È qui che [en]Merrick[/en] viene scoperto dal dottor [en]Frederick Treves[/en], un chirurgo del [en]London Hospital[/en] che convince [en]Bytes[/en] a cederglielo per qualche tempo in modo da poterlo studiare e curare. Portato in ospedale e presentato a un congresso di scienziati, [en]John[/en] si rivela ben presto agli occhi di [en]Treves[/en] come un uomo di intelligenza superiore e di animo raffinato e sensibile.', 5, '1980-10-09', 5000000, 26010864, NULL, NULL),
(133, '[en]Demon Slayer[/en] - Il treno [ja]Mugen[/ja]', '[ja]劇場版「鬼滅の刃」無限列車編[/ja]', 117, 'kgfLM9MqLcYY7qcW4mwPM2JAU5a.jpg', '[ja]Enmu[/ja], recentemente liberato dalle celle [ja]Muzan[/ja], si propone di attaccare un misterioso treno in movimento. Nel corso dell\'attacco, il demone consuma molti passeggeri. [ja]Tanjiro Kamado[/ja] viene in soccorso, ma questo treno in movimento trasporta più di un cattivo demone da combattere.', 5, '2020-10-16', 15800000, 503063688, 24, NULL),
(134, 'Il grande dittatore', '[en]The Great Dictator[/en]', 126, 'xfeicttLCv7HTaPQ9Z5dKuI0fIq.jpg', 'In Tomania il dittatore [de]Adenoid Hynkel[/de] scatena la repressione contro gli ebrei. La bella [de]Hannah[/de] e il suo innamorato, un barbiere straordinariamente somigliante a [de]Hynkel[/de], fuggono. Il barbiere, dapprima catturato, scappa dal [de]lager[/de] e si imbatte per caso nel vero dittatore che viene arrestato in vece sua. Dai microfoni del [de]führer[/de] il barbiere pronuncia al mondo un lungo messaggio di pace e speranza.  Primo film interamente parlato di [en]Chaplin[/en], è una geniale satira antinazista realizzata quando le armate del Terzo [de]Reich[/de] avevano ormai soggiogato l\'intera Europa. Tra le sequenze da antologia, la danza di [de]Hynkel[/de] con il mappamondo e i duetti con Mussolini.', 5, '1940-10-15', 2000000, 11000000, NULL, NULL),
(135, '[en]Finch[/en]', '[en]Finch[/en]', 115, 'ci74Wvy9dJlZBISk7YieOR2p3D8.jpg', '[en]Finch[/en] è un uomo che intraprende un viaggio intenso e toccante in un mondo pericoloso e in preda alla devastazione, per trovare una nuova casa alla sua improbabile famiglia: l’amatissimo cane e il [en]robot[/en] che ha appena finito di costruire.', 5, '2021-11-04', 2500000, NULL, NULL, NULL),
(136, 'Cantando sotto la pioggia', '[en]Singin\' in the Rain[/en]', 102, 'n1sQsVV2rWNrY7l20f2HPVHc2M7.jpg', 'Don, un giovane attore di varietà, decide di tentare la fortuna passando al cinema. Viene ingaggiato per affiancare la bellissima attrice [en]Lina Lamont[/en] in un film muto e la pellicola ottiene uno strepitoso successo.', 5, '1952-04-09', 2540800, 7200000, NULL, NULL),
(137, 'Il settimo sigillo', '[sv]Det sjunde inseglet[/sv]', 96, 'ojwrVRmNlwv0WeDKbEsNPRBae6W.jpg', 'Film capolavoro di [se]Ingmar Bergmann[/se] sul confronto con la morte. La morte appare ad un cavaliere al suo ritorno dalla battaglia e cerca di portarlo via. Il cavaliere sfida la morte ad una partita a scacchi.', 5, '1957-02-16', NULL, NULL, NULL, NULL),
(138, '[en]Mommy[/en]', '[fr]Mommy[/fr]', 139, '3zyQtPg3avKprmJP2gBiYgyWUQC.jpg', '[fr]Diane[/fr] è una madre single, una donna dal [en]look[/en] aggressivo, ancora piacente ma poco capace di gestire la propria vita. Sboccata e fumantina, ha scarse capacità di autocontrollo e ne subisce le conseguenze. Suo figlio è come lei ma ad un livello patologico, ha una seria malattia mentale che lo rende spesso ingestibile (specie se sotto stress), vittima di impennate di violenza incontrollabili che lo fanno entrare ed uscire da istituti. Nella loro vita, tra un lavoro perso e un improvviso slancio sentimentale, si inserisce [en]Kyle[/en], la nuova vicina balbuziente e remissiva che in loro sembra trovare un inaspettato complemento.', 5, '2014-09-19', 4900000, 3494070, NULL, NULL),
(139, '[en]The Father[/en] - Nulla è come sembra', '[en]The Father[/en]', 97, 'kunHAeFFHjvAxho1i7dGIBuWmU9.jpg', 'Tra le vie residenziali della Londra benestante, [en]Anne[/en] si reca a far visita al padre [en]Anthony[/en] nel suo appartamento. L\'uomo, ottantenne, è rammaricato quando la figlia gli annuncia un prossimo trasferimento a Parigi per raggiungere l\'uomo che ama, e chiede cosa ne sarà di lui. Poco dopo, sempre in casa sua, [en]Anthony[/en] trova un uomo seduto a leggere il giornale, il quale sostiene di essere il padrone di casa e il marito di [en]Anne[/en]. Pur vivace e a tratti ben lucido, [en]Anthony[/en] mostra sintomi del morbo di [de]Alzheimer[/de], dimenticando fatti, luoghi e persone. Nel rapporto con i suoi familiari e con la giovane badante [en]Laura[/en], ultima di una lunga serie, la vita di [en]Anthony[/en] prosegue per frammenti confusi che la sua mente non riesce più a ricomporre.', 5, '2020-12-23', 6000000, 21029340, NULL, NULL),
(140, 'Il cavaliere oscuro - Il ritorno', '[en]The Dark Knight Rises[/en]', 165, '4Op2hWPNa5JygwbmLs1O1pDAm7L.jpg', 'Sono passati otto anni da quando [en]Batman[/en] è svanito nella notte, trasformandosi in un istante da eroe a fuggitivo. Prendendosi la colpa della morte del procuratore [en]Harvey Dent[/en], il Cavaliere oscuro ha sacrificato tutto per ciò che lui e il Commissario [en]Gordon[/en] speravano fosse un bene superiore. Per un po’ di tempo la bugia ha funzionato e l’attività criminale di [en]Gotham City[/en] è stata schiacciata dal peso della legge anti-criminale [en]Dent Act[/en]. Ma tutto cambierà con l’arrivo di un’astuta ladra con un misterioso piano. Ma molto più pericoloso è l’arrivo di [en]Bane[/en], un terrorista mascherato i cui spietati piani per [en]Gotham[/en] costringono [en]Bruce[/en] a uscire dal suo esilio auto imposto. Ma anche se indossa di nuovo il mantello e il cappuccio, [en]Batman[/en] potrebbe non essere così forte da fermare [en]Bane[/en].', 5, '2012-07-16', 250000000, 1081041287, 0, NULL),
(141, '[en]Batman Begins[/en]', '[en]Batman Begins[/en]', 140, '53lvq1hrL8NcFW1VXEhfXH0UmWt.jpg', '[en]Bruce Wayne[/en], figlio di un illuminato filantropo di [en]Gotham City[/en], vede i suoi genitori assassinati da un rapinatore. Incapace di liberarsi del senso di colpa, inizia un vagabondaggio che lo porta fin sulle vette dell\'Himalaya, dove [ar]Ra\'s Al Ghul[/ar] e il suo fido [en]Ducard[/en] lo iniziano alla lotta contro il male. [en]Wayne[/en] è deciso a servire la giustizia, e una volta tornato a [en]Gotham[/en] trova in Falcone, potente trafficante di droga, e in [en]Crane[/en], altrettanto corrotto psichiatra, due acerrimi nemici, dietro ai quali però pare celarsi qualcuno di ancor più potente. L\'unico modo per combatterli è diventare [en]Batman[/en], un simbolo che dia forza e speranza alla gente.', 5, '2005-06-10', 150000000, 374218673, 0, NULL);
INSERT INTO `film` (`id`, `nome`, `nome_originale`, `durata`, `locandina`, `descrizione`, `stato`, `data_rilascio`, `budget`, `incassi`, `collezione`, `voto`) VALUES
(142, '[en]The Avengers[/en]', '[en]The Avengers[/en]', 143, 'mJwEvI0k75o1uRkd57ZbERazxzf.jpg', 'I supereroi più famosi si riuniscono in una squadra di personaggi [en]Marvel[/en] leggendari come [en]Iron Man[/en], l\'incredibile [en]Hulk[/en], [en]Thor[/en], [en]Captain America[/en], Occhio di Falco e Vedova Nera. Quando la comparsa di un nemico inatteso minaccia la tranquillità e la sicurezza del mondo, [en]Nick Fury[/en], direttore dell\'agenzia internazionale per il mantenimento della pace conosciuta come [en]SHIELD[/en], si trova ad aver bisogno di una squadra che salvi il pianeta dall\'orlo del disastro. Inizia così, da un capo all\'altro della terra, un audace lavoro di reclutamento. Dopo aver riunito la squadra, [en]Nick Fury[/en] e il suo fidato assistente, l\'Agente [en]Coulson[/en], dovranno convincere i supereroi a convivere e lavorare insieme, utilizzando i loro incredibili poteri contro il pericoloso [en]Loki[/en] che è riuscito ad accedere al [en]Tesseract[/en] e ai suoi poteri illimitati.', 5, '2012-04-25', 220000000, 1518815515, 1, NULL),
(143, '[en]Avengers: Age of Ultron[/en]', '[en]Avengers: Age of Ultron[/en]', 141, 'jm6lX35DkZRtyf0rNGQUIBLFoBa.jpg', 'Quando [en]Tony Stark[/en] riprende un programma di mantenimento della pace in disuso, qualcosa va storto e la squadra degli eroi più potenti della Terra composta da [en]Iron Man[/en], [en]Captain America[/en], [en]Thor[/en], l’Incredibile [en]Hulk[/en], Vedova Nera e Occhio di Falco, sarà messa a dura prova per salvare il mondo da un destino inesorabile. Toccherà agli [en]Avengers[/en] far fronte al malvagio [en]Ultron[/en] e impedirgli di portare a compimento i suoi terribili piani. Nuove e scomode alleanze ed eventi imprevisti daranno vita a una straordinaria ed epica avventura', 5, '2015-04-22', 365000000, 1405403694, 1, NULL),
(144, '[en]Matrix Reloaded[/en]', '[en]The Matrix Reloaded[/en]', 138, 'bgx0hblyE1XYWHFFewrYjXE6DeQ.jpg', 'Ora [en]Neo[/en] controlla perfettamente i suoi straordinari poteri e [en]Zion[/en] è assediata dall\'Esercito delle Macchine. Solo poche ore separano l\'ultima [fr]enclave[/fr] umana sulla Terra da 250.000 Sentinelle programmate per distruggere il genere umano. Ma i cittadini di [en]Zion[/en], incoraggiati dalla convinzione di [en]Morpheus[/en] che L\'Eletto adempierà la Profezia dell\'Oracolo e metterà fine alla guerra con le Macchine, puntano tutte le loro speranze su [en]Neo[/en], che si ritrova bloccato da visioni sconvolgenti. Resi più forti dall\'amore e dalla fiducia che li lega, [en]Neo[/en] e [en]Trinity[/en] scelgono di tornare in [en]Matrix[/en] con [en]Morpheus[/en] e di lottare contro le forze della repressione e dello sfruttamento. Ma esistono ancora figure potenti dentro [en]Matrix[/en] che si oppongono all\'artificio della scelta, e si sottraggono alla responsabilità che comporta, poiché si cibano delle verità emotive degli altri.', 5, '2003-05-15', 150000000, 738599701, 2, NULL),
(145, '[en]Matrix Revolutions[/en]', '[en]The Matrix Revolutions[/en]', 129, 'oCB8tMvo5dd4j1NN2bLlXbgoeRB.jpg', '[en]Neo[/en] è in coma nell\'infermeria della [en]Hammer[/en], ma la sua mente si trova intrappolata in una sorta di limbo situato tra il mondo reale e [en]Matrix[/en]. Il creatore del limbo virtuale è un nuovo personaggio, enigmatico e misterioso quanto la figura del fabbricante di chiavi, ma con un dentista decisamente peggiore. Toccherà ai compagni di [en]Neo[/en] l\'arduo compito di liberarlo, tornando nel castello del Merovingio, che muove i fili del gioco. Riuscirà [en]Zion[/en] a resistere all\'inesorabile avanzata delle macchine? Potrà l\'eletto sconfiggere il suo nemico giurato, l\'agente [en]Smith[/en]?', 5, '2003-11-05', 150000000, 424988211, 2, NULL),
(146, '[en]Matrix Resurrections[/en]', '[en]The Matrix Resurrections[/en]', 148, 'tiXqnZSlLpgsY38N3k4eaHiPbWu.jpg', 'Due realtà differenti caratterizzano il mondo: una rappresentata dalla vita di tutti i giorni e un\'altra nascosta e inaccessibile. Per scoprire se la sua realtà è un costrutto fisico o mentale, per conoscere veramente se stesso, [en]Mr. Anderson[/en] dovrà scegliere di seguire ancora una volta il Bianconiglio. E se [en]Thomas[/en], [en]Neo[/en], ha imparato qualcosa è che la scelta, pur essendo un\'illusione, è ancora una volta la via d\'uscita o di ingresso in [en]Matrix[/en]. Ovviamente, [en]Neo[/en] sa già cosa deve fare. Ma quello che ancora non sa è che [en]Matrix[/en] è più forte, più sicura e più pericolosa che mai. Salvato da [en]Matrix[/en] per diventare il salvatore dell\'umanità, ancora una volta dovrà scegliere quale strada prendere.', 5, '2021-12-16', 190000000, 156497322, 2, NULL),
(147, '[en]Joker[/en]: [fr]Folie à Deux[/fr]', '[en]Joker[/en]: [fr]Folie à Deux[/fr]', NULL, NULL, NULL, 1, '2024-10-03', 150000000, NULL, 4, NULL),
(148, '[en]Harry Potter[/en] e la pietra filosofale', '[en]Harry Potter and the Philosopher\'s Stone[/en]', 152, '5VvepiOtW4aJYRnGfPP7IyA58lv.jpg', '[en]Harry Potter[/en] vive con gli zii e il cuginetto sin dalla più tenera età dopo la morte dei suoi genitori. I parenti non lo amano per nulla. [en]Harry[/en] sta ormai per compiere undici anni e viene guardato male anche per alcune sue capacità \'magiche\'. Che sono effettive perché [en]Harry[/en] è figlio di maghi e comincia a ricevere lettere, regolarmente sequestrate, portate da gufi. Dovrà giungere il gigantesco [en]Hagrid[/en] a recapitargliene personalmente una perché possa apprendere di essere stato ammesso a frequentare la Scuola di Magia e Stregoneria di [en]Hogwarts[/en]. Gli zii a questo punto non possono far più nulla e [en]Harry[/en] raggiunge la Scuola dove apprende che il suo nome è già noto e dove scoprirà di avere naturali doti magiche.', 5, '2001-11-16', 125000000, 976475550, 5, NULL),
(149, '[en]Harry Potter[/en] e la camera dei segreti', '[en]Harry Potter and the Chamber of Secrets[/en]', 161, 'o8nKMrvRr8MaK7Y7d68IprD9npf.jpg', '[en]Harry Potter[/en] sta trascorrendo noiose vacanze estive presso gli zii, oltretutto senza aver ricevuto nemmeno un messaggio dagli amici [en]Ron[/en] e [en]Hermione[/en]. Colpa di [en]Dobby[/en]elfo domestico che ha intercettato la posta per convincere il ragazzo a lasciare la scuola di magia di [en]Hogwarts[/en] dove lo attenderebbe un terribile pericolo. L\'arrivo all\'accademia coincide in effetti con una serie di strani e paurosi fenomeni: esseri pietrificati, scritte di sangue sui muri e soprattutto l\'accenno a una misteriosa \"camera dei segreti\" che conterrebbe qualcosa di malefico. Quando il pericolo comincerà a riguardare i suoi amici [en]Harry[/en] saprà risolvere la situazione.', 5, '2002-11-13', 100000000, 876688482, 5, NULL),
(150, '[en]Harry Potter[/en] e il calice di fuoco', '[en]Harry Potter and the Goblet of Fire[/en]', 157, 'rZkMtwU1Gx2tyXcmsuFLVoDNwea.jpg', 'La scuola di [en]Hogwarts[/en] ospita quest\'anno il Torneo Tremaghi, famosa competizione in cui tre studenti, appartenenti a tre scuole di magia diverse, dovranno sfidarsi in pericolose prove. Il Calice di Fuoco ha scelto anche [en]Harry[/en], il quale, suo malgrado, dovrà partecipare al Torneo, nonostante la sua giovane età. Un\'altra avventura ha inizio per il maghetto quattordicenne, che dovrà combattere con il famigerato [en]Lord Voldemort[/en]...', 5, '2005-11-16', 150000000, 895921036, 5, NULL),
(151, '[en]Harry Potter[/en] e il principe mezzosangue', '[en]Harry Potter and the Half-Blood Prince[/en]', 153, 'bJlJBz5CMfoIhj9UNULUzTAj61y.jpg', 'Tempi oscuri minacciano il mondo dei maghi e quello dei babbani. Dopo il ritorno di [en]Voldemort[/en] e la tragica morte di [en]Sirius Black[/en], [en]Harry[/en] trova conforto, guida e consolazione in Silente, che lo conduce ad [en]Hogwarts[/en] e lo invita alla condivisione dei suoi ricordi. [en]Albus[/en] filtra per [en]Harry[/en] l\'infanzia di [en]Tom Ridlle[/en] in cerca di un indizio che possa aiutarli a distruggerlo. La chiave della loro indagine è però custodita e mai rivelata nella memoria di [en]Horace[/en] Lumacorno, professore in pensione di Pozioni. L\'allettante possibilità di insegnare all\'Eletto, lo conduce di nuovo in cattedra e lo persuade a rivelare il segreto dell\'Oscuro Signore: l\'anima di [en]Voldemort[/en], straziata in sette parti dall\'orrore compiuto, è conservata e protetta in altrettanti oggetti. Silente e [en]Potter[/en] lasciano [en]Hogwarts[/en] alla ricerca del medaglione che custodisce un frammento dello spirito del Serpeverde. Nei corridoi della scuola intanto un altro Eletto, [en]Draco Malfoy[/en], è determinato a lasciare un segno nella storia.', 5, '2009-07-07', 250000000, 933959197, 5, NULL),
(152, '[en]Harry Potter[/en] e l\'ordine della fenice', '[en]Harry Potter and the Order of the Phoenix[/en]', 138, 'iXg8dcylRbYNREcdU1Y2EGxpxxe.jpg', '[en]Voldemort[/en] è tornato ma nessuno al Ministero della Magia sembra crederci. [en]Harry[/en], sopravvissuto col cugino Dudley all\'attacco dei Dissennatori, viene espulso da [en]Hogwarts[/en] per avere usato impropriamente la magia davanti ad un babbano. Silente reintegra il ragazzo e lo introduce nell\'Ordine della Fenice, un gruppo di nobili cavalieri magici avversari di [en]Voldemort[/en]. Questo esercito \"templare\" combatte su due fronti e due poteri: quello maligno e potente dei Mangiamorte e quello politico e ottuso di [en]Caramell[/en], che si ostina a negarne il ritorno. Rimosso Silente dalla presidenza di [en]Hogwarts[/en], questa volta [en]Harry[/en] dovrà cavarsela da solo. Ma nuovi e giovani membri si uniranno alla resistenza contro [en]Voldemort[/en].', 5, '2007-06-28', 150000000, 938212738, 5, NULL),
(153, '[en]Harry Potter[/en] e i Doni della Morte - Parte 1', '[en]Harry Potter and the Deathly Hallows: Part 1[/en]', 146, 'qvqfg5rnz1JWmT4CaJIeAA1EKI3.jpg', 'Dopo la tragica conclusione dell\'ultimo anno scolastico, gli alunni di [en]Hogwarts[/en] si accingono a tornare a scuola. Ma questo non sarà un anno come gli altri per [en]Harry[/en], [en]Ron[/en] e [en]Hermione[/en] che si preparano a una pericolosissima missione: scoprire e distruggere il segreto dell\'immortalità di [en]Voldemort[/en], gli [en]Horcrux[/en]. Senza la guida dei loro insegnanti e senza la protezione del professor Silente i tre amici dovranno fare affidamento l\'uno sull\'altro, ma le Forze Oscure metteranno a repentaglio la loro amicizia! Nel frattempo il mondo dei maghi è diventato un posto pericoloso per tutti i nemici del Signore Oscuro: la guerra a lungo temuta è scoppiata e i Mangiamorte di [en]Voldemort[/en] hanno preso il controllo del Ministero della Magia e assalito [en]Hogwarts[/en]. L\'unica speranza di [en]Harry[/en] è intanto trovare l\'[en]Hocrux[/en] prima di essere preso e catturato dalle creature oscure.', 5, '2010-10-06', 250000000, 954305868, 5, NULL),
(154, 'Il ritorno dello [en]Jedi[/en]', '[en]Return of the Jedi[/en]', 134, 'iz39GyVKyNHcg22qGOqGAiL9G7v.jpg', 'Mentre gli Imperiali sono impegnati nella costruzione di una nuova e indistruttibile Morte Nera, [en]Luke Skywalker[/en] diventato finalmente un cavaliere [en]jedi[/en], la principessa [en]Leila[/en], [en]Chewbacca[/en] e i due droidi D3BO (C-3PO nome originale) e C1P8 (R2-D2 nome originale) cercano di liberare [en]Ian Solo[/en] ([en]Han Solo[/en] nome originale), che è prigioniero del criminale intergalattico [en]Jabba[/en].Per poi affronta il crudele alfiere del male [en]Lord Vader[/en] ([en]Darth Vader[/en] nome originale), scoprendo che gli è padre e che la principessa [en]Leia[/en] è sua sorella, ma l\'insurrezione non ha successo e [en]Luke[/en] viene catturato dell\'imperatore, che cerca di portare il giovane dalla sua parte. Terzo (o meglio sesto) e ultimo episodio della saga ideata da [en]George Lucas[/en].', 5, '1983-05-25', 32350000, 572700000, 6, NULL),
(155, '[en]Star Wars[/en]: Episodio I - La minaccia fantasma', '[en]Star Wars: Episode I - The Phantom Menace[/en]', 136, '7ozBHvOoDDi4UcBWbz3N7SGOKdm.jpg', 'Il regno pacifico di [en]Naboo[/en] denuncia l\'imminente invasione da parte della Lega dei Commercianti, ma la Repubblica, paralizzata dalla corruzione dilagante e dalla burocrazia del Senato, sceglie di non intervenire. Solo i Cavalieri [en]Jedi[/en] [en]Qui-gon Jin[/en] e [en]Obi-wan Kenobi[/en] si recano a [en]Naboo[/en] per proteggere la regina [en]Amidala[/en], in pericolo di vita, e condurla in salvo sul pianeta [en]Tatooine[/en]. Qui i [en]Jedi[/en] faranno la conoscenza di un bambino fuori dall\'ordinario, [en]Anakin Skywalker[/en]: [en]Qui-gon[/en] è convinto che si tratti del Prescelto, destinato un giorno a riportare equilibrio nella Forza.', 5, '1999-05-19', 115000000, 924317558, 6, NULL),
(156, '[en]Star Wars[/en]: Episodio II - L\'attacco dei cloni', '[en]Star Wars: Episode II - Attack of the Clones[/en]', 142, '2fYL7A7lDzApoTQuwGheMlhmq5e.jpg', 'La Repubblica governata dal cancelliere [en]Palpatine[/en] è entrata in crisi a causa del blocco in atto sul pianeta [en]Naboo[/en] da parte della Federazione; un gruppo di dissidenti comandato dal [en]Jedi[/en] conte [en]Dooku[/en] manifesta il malcontento per ciò che sta accadendo. Alcuni membri del Senato chiedono che la Repubblica venga dotata di un esercito in grado di fronteggiare la situazione. Nel frattempo [en]Amidala[/en] - diventata Senatrice e minacciata dai separatisti - è sfuggita a un attentato: la sua protezione viene affidata a [en]Anakin Skywalker[/en]. Nel tentativo di scoprire gli ideatori del complotto, [en]Obi-Wan Kenobi[/en] viene a conoscenza dell\'esistenza di un misterioso esercito di cloni...', 5, '2002-05-15', 120000000, 649398328, 6, NULL),
(157, '[en]Star Wars[/en]: Episodio III - La vendetta dei [en]Sith[/en]', '[en]Star Wars: Episode III - Revenge of the Sith[/en]', 140, 'esVM3WBadZkdR4idKleum9yNt3M.jpg', 'Tre anni dopo l\'inizio della Guerra dei Cloni il lungo ed estenuante conflitto sta per giungere ad una conclusione. [en]Obi-Wan Kenobi[/en] e [en]Anakin Skywalker[/en] stanno per avere rivelazioni sconvolgenti. Il pianeta [en]Coruscant[/en] è sotto attacco e per mano del Generale [en]Grievous[/en], il loro compito è di assicurare il Generale alla giustizia, ma il Cancelliere [en]Palpatine[/en] sta trasformando la Repubblica in un regime tirannico, nonostante l\'opposizione dell\'Ordine degli [en]Jedi[/en] e di pochi senatori ancora non corrotti. [en]Anakin[/en], divenuto sempre più vicino al Cancelliere, nel frattempo soffre di moleste visioni a proposito della Senatrice [en]Padme Amidala[/en], sposata in segreto. Sin dall\'inizio della Guerra dei Cloni si è andato avvicinando sempre più al Lato Oscuro della Forza, incoraggiato da [en]Palpatine[/en], e presto lo scontro diverrà inevitabile. [en]Obi-Wan Kenobi[/en] non avrà altra scelta che confrontarsi col suo antico apprendista in una battaglia mentre si affaccia un nuovo conflitto che determinerà il destino della Galassia.', 5, '2005-05-17', 113000000, 850000000, 6, NULL),
(158, '[en]Star Wars[/en]: Il risveglio della Forza', '[en]Star Wars: The Force Awakens[/en]', 135, 'jw8Wb7Mx1o1uJSrUuOW4p16rlJu.jpg', 'Sono trascorsi circa trent\'anni dalla caduta dell\'Impero. L\'indipendente e solitaria [en]Riley (Daisy Ridley)[/en], il soldato pentito [en]Finn (John Boyega)[/en] e il pilota di caccia [en]Poe (Oscar Isaac)[/en], danno inizio a una nuova grande avventura contro i cattivi dediti al Lato Oscuro della Forza, tra cui il minaccioso [en]Kylo Ren (Adam Driver)[/en]. Lungo la strada incontreranno nuovi amici, nemici e volti noti, come quello di [en]Ian Solo (Harrison Ford)[/en] e della principessa [en]Leila (Carrie Fisher)[/en], divenuta un generale.', 5, '2015-12-15', 245000000, 2068223624, 6, NULL),
(159, '[en]Star Wars[/en]: L\'ascesa di [en]Skywalker[/en]', '[en]Star Wars: The Rise of Skywalker[/en]', 142, '3drtqLOARQEuFgEmGRlMlWpV3Eb.jpg', 'La resistenza è ridotta a poche unità, il primo ordine dilaga sotto il comando del leader supremo [en]Kylo Ren[/en], ma un messaggio ha turbato la galassia. L\'imperatore [en]Palpatine[/en] giura vendetta! [en]Ren[/en] si mette così alla ricerca dell\'origine della trasmissione e arriva a confrontarsi con [en]Palpatine[/en], che gli offre una spaventosa flotta se saprà eliminare la ragazza [en]Jedi, Rey[/en]. Questa combatte e si addestra seguendo gli insegnamenti del generale [en]Organa[/en], mentre [en]Finn, Poe[/en] e [en]Chewbacca[/en] ricevono messaggi da una spia nel Primo Ordine.', 5, '2019-12-18', 250000000, 1074144248, 6, NULL),
(160, '[en]Star Wars[/en]: Gli ultimi [en]Jedi[/en]', '[en]Star Wars: The Last Jedi[/en]', 150, '8qOzSPUWlBGfteuKFWJJTRpiFxI.jpg', 'Mentre il Primo Ordine si prepara a stroncare quel che resta della Resistenza, [en]Rey[/en] consegna a [en]Luke Skywalker[/en] la spada [en]laser[/en] che fu sua, invitandolo a interrompere il suo esilio per salvare il mondo libero. Ma [en]Luke[/en] non ne vuole sapere e il Lato Oscuro tesse la sua trama letale attorno agli ultimi ribelli.', 5, '2017-12-13', 200000000, 1332698830, 6, NULL),
(161, 'Ritorno al futuro - Parte II', '[en]Back to the Future Part II[/en]', 108, 'y86WZGmsiKHZ0HmH1NZRx2iOaP4.jpg', 'Il film comincia dove terminava il primo capitolo, ovvero con [en]Marty[/en] e [en]Jennifer[/en] che partono insieme allo scienziato [en]Doc[/en], inventore della macchina del tempo, per il 2015 allo scopo di evitare che il futuro dei loro figli possa essere in pericolo. Ma la situazione precipita e ad essere in pericolo non è più il futuro, ma il passato. [en]Marty[/en] dovrà tornare nuovamente nel 1955 e...', 5, '1989-11-22', 40000000, 332000000, 7, NULL),
(162, 'Ritorno al futuro - Parte III', '[en]Back to the Future Part III[/en]', 118, 'fR29F37jN4y1xapDAcjI9CEgM65.jpg', 'Per questa terza, conclusiva, puntata della trilogia, [en]Marty McFly[/en] è costretto a tornare indietro nel tempo fino al 1885 per salvare [en]Doc[/en], che vi era stato catapultato al termine del secondo capitolo. Questa volta tornare nel futuro sarà ancora più difficile.', 5, '1990-05-25', 40000000, 244527583, 7, NULL),
(163, 'Il padrino - Parte III', '[en]The Godfather Part III[/en]', 162, 'hK11AO5ys2XXZ79iclOCBQLb2g0.jpg', '[en]Michael[/en] Corleone, il padrino della cupola mafiosa italo-americana, ormai anziano, decide di ripulire la sua vita ed i suoi affari cercando di instaurare un regime di convivenza pacifica con le altre famiglie di [en]New York[/en]. Ma a malincuore é costretto a rivedere la sua posizione quando una delle altre famiglie rivendica dei diritti sui Corleone.', 5, '1990-12-25', 54000000, 136766062, 8, NULL),
(164, '[en]Spider-Man: Homecoming[/en]', '[en]Spider-Man: Homecoming[/en]', 133, 'ttJkhQxKoWkfenJb5GyKSV1lGxY.jpg', '[en]Peter Parker[/en] non riesce a scrollarsi di dosso quanto sia stata incredibile la sua esperienza con gli [en]Avengers[/en] in [en]Captain[/en] America: [en]Civil War[/en], l\'aver conosciuto [en]Tony Stark[/en] e avere mantenuto con lui un rapporto speciale, tanto da avere un contatto diretto attraverso il suo assistente [en]Happy Hogan[/en] e da aver ricevuto in dono un [en]super[/en]-costume. [en]Peter[/en] è così innamorato dell\'idea di diventare un [en]Avenger[/en] da lasciar scivolare in secondo piano anche la ragazza che gli fa battere il cuore, la bella [en]Liz[/en], per andare dietro ai criminali e mostrarsi pronto per la posizione in squadra.', 5, '2017-07-05', 175000000, 880166924, 9, NULL),
(165, '[en]Spider-Man: Far from Home[/en]', '[en]Spider-Man: Far from Home[/en]', 129, 'ixiDdnruGDLL63xksAebdYod3d1.jpg', '[en]Peter Parker[/en] ritorna in [en]Spider-Man: Far From Home[/en], il secondo capitolo della serie di [en]Spider-Man: Homecoming[/en]! Il nostro amichevole [en]Spider-Man[/en] di quartiere decide di partire per una vacanza in Europa con i suoi migliori amici. I propositi di [en]Peter[/en] di non indossare i panni del supereroe per alcune settimane vengono meno quando decide, a malincuore, di aiutare [en]Nick Fury[/en] a svelare il mistero degli attacchi di creature elementali che stanno creando scompiglio in tutto il continente.  Parte delle riprese sono state realizzate a Venezia tra settembre e ottobre 2018.', 5, '2019-06-28', 160000000, 1131927996, 9, NULL),
(166, 'Il re leone 3 - [sw]Hakuna Matata[/sw]', '[en]The Lion King 1½[/en]', 77, 'c1BSU3OfjAmONF3saEGGcx9NHSl.jpg', '[en]Timon[/en] vive nella fossa della vergogna costretto, come la mamma, lo zio [en]Max[/en] e le altre suricate, a scavare gallerie sotterranee per potersi nascondere dai predatori. Un giorno, nel tentativo di creare un lucernario per poter godere un po\' della luce solare, [en]Timon[/en] provoca il crollo dell\'intera galleria. Si viene a sapere che si tratta della quarta galleria che fa crollare in una sola settimana. La mamma di [en]Timon[/en], resasi conto delle difficoltà del figlio nell\'abituarsi allo stile di vita delle suricate (che egli ritiene patetico e claustrofobico), lo convince a prestare servizio di guardia, permettendogli così di vivere all\'aria aperta. Anche a questo ruolo [en]Timon[/en] si dimostra ben presto inadatto: vagheggiando una vita migliore, la maldestra sentinella si distrae e lascia campo libero alle iene, che attaccano le altre suricate. Nessuno rimane ucciso, tuttavia la colonia perde la poca fiducia che ancora nutriva verso [en]Timon[/en], che decide di andarsene di casa in cerca di una vita migliore.', 5, '2004-02-06', NULL, 1465, 10, NULL),
(167, 'Il re leone II - Il regno di [sw]Simba[/sw]', '[en]The Lion King II: Simba\'s Pride[/en]', 81, 'jrnm47tOQLn6jNQYbIrCTI6Ggw4.jpg', '[sw]Simba[/sw] e [sw]Nala[/sw] hanno una figlia, [sw]Kiara[/sw]. [sw]Timo[/sw] e [sw]Pumbaa[/sw] sono incaricati di farle da [en]babysitter[/en] ma la piccola scappa avventurandosi da sola nella terra proibita. Lì incontra [sw]Kovu[/sw], un cucciolo di leone, e i due diventano amici. Ciò che la piccola [sw]Kiara[/sw] e la sua famiglia non sanno è che [sw]Kovu[/sw] è il figlio di [sw]Zira[/sw], una seguace in esilio del defunto [en]Scar[/en]. Il piano di [sw]Zira[/sw] è quello di far diventare re suo figlio [sw]Kovu[/sw], soppiantando [sw]Simba[/sw].', 5, '1998-10-24', NULL, NULL, 10, NULL),
(168, '[en]Doctor Sleep[/en]', '[en]Doctor Sleep[/en]', 153, 'h7nrJcb0CYusDPCPdbW4ul8HSo2.jpg', 'Ancora irrimediabilmente segnato dal trauma che ha vissuto da bambino all’[en]Overlook, Dan Torrance[/en] ha combattuto per trovare una parvenza di pace. Ma questa tregua va in frantumi quando incontra [en]Abra[/en], un’adolescente coraggiosa con un potente dono extrasensoriale, noto come la “luccicanza”. Riconoscendo istintivamente che [en]Dan[/en] condivide il suo potere, [en]Abra[/en] lo contatta, invocando disperatamente il suo aiuto contro la spietata [en]Rose the Hat[/en] e i suoi seguaci, i membri del [en]‘True Knot’[/en], che si nutrono della Luccicanza degli innocenti alla ricerca della loro immortalità. Formando un’improbabile alleanza, [en]Dan[/en] e [en]Abra[/en] si impegnano in una brutale lotta tra la vita e la morte contro [en]Rose the Hat[/en]. L’innocenza di [en]Abra[/en] e l’intrepida consapevolezza della sua Luccicanza costringono [en]Dan[/en] a invocare i suoi stessi poteri come mai prima d’ora – affrontando immediatamente le sue paure e risvegliando i suoi fantasmi del passato.', 5, '2019-10-30', 45000000, 72281712, 11, NULL),
(169, '[en]Red Dragon[/en]', '[en]Red Dragon[/en]', 124, '2HqYhlDTc4GWY6XeXm99rvlorec.jpg', 'Tre anni dopo il suo ritiro dall\'[en]{abbr}Federal Bureau of Investigation;FBI{/abbr}[/en], l\'agente [en]Will Graham[/en] viene contattato dal suo [en]ex partner[/en], per aiutarlo a risolvere un caso relativo ad un [en]serial killer[/en], noto come \"Lupo Mannaro\". [en]Graham[/en] accetterà e chiederà aiuto ad [en]Hannibal Lecter[/en], suo vecchio  nemico, la cui cattura che aveva segnato la fine della sua carriera, nel 1988', 5, '2002-10-02', 78000000, 209196298, 12, NULL),
(170, '[en]Hannibal[/en]', '[en]Hannibal[/en]', 131, 'wWKMB2ZRVwKJWH4XsLt1XDxJOem.jpg', 'Sette anni sono passati da quando il {abbr}Dottor;Dott.{/abbr} [en]Hannibal Lecter[/en] sfuggì alla sorveglianza, dieci anni da quando l\'agente [en]{abbr}Federal Bureau of Investigation;FBI{/abbr} Clarice Starling[/en] lo intervistò nell\'ospedale di massima sicurezza per criminali psicotici. Ora il {abbr}Dottor;Dr.{/abbr} [en]Lecter[/en] si trova a Firenze sotto falsa copertura, ma una sua vecchia viittima, rimasta sfigurata, si rifa viva per vendicarsi...', 5, '2001-02-08', 87000000, 351692268, 12, NULL),
(171, '[en]Hannibal Lecter[/en] - Le origini del male', '[en]Hannibal Rising[/en]', 121, 'lvWZoy1dEb6kFggNpBMdKNoxQsD.jpg', 'In Lituania, un adolescente, reso orfano dalla guerra e muto dagli orrori di cui è stato testimone, si ritrova chiuso in un orfanotrofio sovietico dove deve fare i conti con le prepotenze dei suoi perfidi compagni. Ma non è un ragazzo come tanti altri: è il giovane [en]Hannibal Lecter[/en]. Dopo una rocambolesca fuga oltre la cortina di ferro, raggiunge la periferia di Parigi, in Francia, dove risiede lo zio, suo unico parente ancora in vita. Giunto a [en]Lecter Castle[/en], [en]Hannibal[/en] scopre che l\'uomo è morto, ma la sua bellissima e misteriosa vedova giapponese, [en]Lady[/en] [ja]Murasaki Shibuku[/ja], lo accoglie in casa.', 5, '2007-02-06', 50000000, 82169884, 12, NULL),
(172, '[en]Aliens[/en] - Scontro Finale', '[en]Aliens[/en]', 137, 'qSaOo9JCDCFc1cvYiBzEooPe36U.jpg', 'Il \"capitano\" [en]Ellen Ripley[/en], ibernata per sessant\'anni in un sofisticato contenitore del traghetto spaziale Nostromo, e quindi rimasta giovane, è l\'unica sopravvissuta alla terribile disavventura che ne ha distrutto l\'equipaggio e che ora sconvolge le sue notti con incubi ricorrenti, che si riferiscono alle forme mostruose di vita incontrate sul pianeta [en]Archeron[/en], dove ora vive una colonia di pionieri dello spazio. Quando le viene affidata la missione di scoprire il perchè sia stato misteriosamente interrotto il contatto con quel remoto pianeta, [en]Ellen[/en] si trova ad affrontare le spaventose proliferazioni del mostro da cui era avventurosamente sfuggita. Allora infatti c\'era un solo alieno, ora vivono là innumerevoli mostruosi alieni, che si riproducono con ritmo frenetico, sempre più avidamente affamati di essere umani.', 5, '1986-07-18', 18500000, 183316455, 13, NULL),
(173, '[en]Alien³[/en]', '[en]Alien³[/en]', 114, 'mZS4szrsrnGvWO5XL5BvXsURcgX.jpg', 'Siamo sul pianeta-penitenziario Fiorina 161, in un altro sistema solare. Qui naufraga il sottufficiale [en]Ripley[/en], insieme a un\'altra creatura simile agli [en]Alien[/en] che aveva già combattuto in passato. La comunità che abita il pianeta non è però tecnologicamente preparata alla lotta con quella creatura e [en]Ripley[/en] teme che il suo incubo non finirà mai.', 5, '1992-05-22', 50000000, 159773545, 13, NULL),
(174, '[en]Alien[/en] - La clonazione', '[en]Alien Resurrection[/en]', 109, '6qOo8xQcWV4cTNDqTNyrakSoEbk.jpg', 'Duecento anni dopo essere morta, in un’astronave attrezzata a laboratorio [en]Ellen Ripley (Sigourney Weaver)[/en] viene in qualche modo resuscitata grazie a un esperimento di clonazione. Ma le cose non sono così semplici e in [en]Ripley[/en] si sono mescolate caratteristiche aliene. Oltre a ciò, [en]Ripley[/en] si rende conto che lo scopo della sua resurrezione è quello di estrapolare la regina aliena che vive dentro di lei. A peggiorare le cose, le creature aliene allevate da scienziati privi di scrupoli scappano e cominciano a uccidere.', 5, '1997-11-12', 70000000, 162000000, 13, NULL),
(175, '[en]Spider-Man: Across the Spider-Verse[/en]', '[en]Spider-Man: Across the Spider-Verse[/en]', NULL, '7g4J08JRBGsYr7N7OYPMYYMKIbG.jpg', NULL, 1, '2023-05-31', NULL, NULL, 14, NULL),
(176, '[en]Spider-Man: Beyond the Spider-Verse[/en]', '[en]Spider-Man: Beyond the Spider-Verse[/en]', NULL, '5cAuJOfd5tuuFBz2yQmBCtVBaj0.jpg', NULL, 1, '2024-03-27', NULL, NULL, 14, NULL),
(177, '[en]Terminator[/en]', '[en]The Terminator[/en]', 108, 'kdYu7YJJP0uuGEuhUX5toqvBSog.jpg', 'Anno 2029: un computer chiamato [en]Skynet[/en] sta lottando contro un gruppo di resistenza umana, dopo aver distrutto l\'umanità nel 1997. [en]Skynet[/en] manda nel passato uno dei suoi guerrieri, un [en]cyborg[/en] di sembianze umane chiamato [en]Terminator[/en], per uccidere [en]Sarah Connor[/en], la madre del [en]leader[/en] della resistenza, prima che dia alla luce suo figlio. La resistenza manda un guerriero di nome [en]Kyle Reese[/en] nel 1984 per proteggere [en]Sarah[/en].', 5, '1984-10-26', 6400000, 78371200, 15, NULL),
(178, '[en]Terminator[/en] 3 - Le macchine ribelli', '[en]Terminator 3: Rise of the Machines[/en]', 109, 'kvf30kx5m1U35WSt9itxwQBewQw.jpg', 'Sono passati dieci anni [en]John Connor[/en], ormai ventiduenne, è nuovamente in pericolo. La terminator femmina T-X, il più potente [en]killer cyborg[/en] della [en]Skynet[/en], è stata programmata per ucciderlo. E non è l\'unico bersaglio: l\'ignara veterinaria [en]Kate Brewster[/en] vedrà il suo passato scontrarsi con il presente. Per proteggerli viene incaricato e mandato nel passato il T-800...', 5, '2003-07-02', 200000000, 435000000, 15, NULL),
(179, '[en]Terminator Salvation[/en]', '[en]Terminator Salvation[/en]', 115, 'uWV7LPoNg08RKLE6I0uAJtGYME2.jpg', 'Anno 2003. [en]Marcus Wright[/en] è detenuto nel Braccio della Morte in attesa di ricevere l\'iniezione letale. Ha ucciso suo fratello e due poliziotti e vuole soltanto farla finita ma la dottoressa Serena [en]Kogan[/en] ha deciso per lui un altro destino. Firmato un documento legale che consegna il suo corpo alla scienza e gli promette una seconda opportunità, [en]Marcus[/en] viene ‘terminato\'. Anno 2018. [en]John Connor, leader[/en] ideale e carismatico del genere umano, partecipa alla Resistenza contro [en]Skynet[/en], il [en]network[/en] di intelligenze artificiali, e il suo esercito di [en]Terminator[/en] indistruttibili. Efficace e intraprendente, è deciso a sferrare un attacco mortale al nemico, a trovare suo padre [en]Kyle Reese[/en] e a garantire un futuro all\'umanità dopo l\'apocalisse nucleare scatenata dalle macchine. Lo aiuterà [en]Marcus[/en], galeotto venuto dal passato e portatore di un segreto. Diffidenti ma determinati a vincere la loro battaglia, collaboreranno e troveranno la verità nel cuore.', 5, '2009-05-20', 200000000, 371353001, 15, NULL),
(180, '[en]Terminator Genisys[/en]', '[en]Terminator Genisys[/en]', 126, 'sfB3zjtI9dkDBGcpNd5XKKer7gr.jpg', 'Nel 2029, [en]John Connor[/en], capo della resistenza umana, conduce la guerra contro le macchine. All\'offensiva di [es]Los Angeles[/es], i timori di [en]John[/en] sul futuro sconosciuto cominciano a emergere quando l\'uomo viene informato dalla sua unità, la [en]Tech-Com[/en], che [en]Skynet[/en] attaccherà da due fronti, passato e futuro, cambiando la guerra per sempre.  Per poter vincere la guerra contro [en]Skynet, Connor[/en] manda il suo fido luogotenente [en]Kyle Reese[/en] indietro nel tempo per salvare la vita di sua madre e garantire la propria esistenza. Tuttavia, [en]Kyle[/en] scopre che il passato originale è cambiato. In questa linea temporale, un [en]Terminator[/en] era stato inviato indietro nel tempo per uccidere [en]Sarah Connor[/en] da bambina, e così la resistenza aveva inviato un proprio [en]cyborg[/en] indietro nel tempo per proteggerla. Dopo che l\'assassino aveva ucciso i suoi genitori, il T-850 riprogrammato l\'aveva cresciuta e addestrata ad affrontare il suo destino, che lei cerca di rifiutare categoricamente.', 5, '2015-06-23', 155000000, 440603537, 15, NULL),
(181, '[en]Terminator[/en] - Destino oscuro', '[en]Terminator: Dark Fate[/en]', 128, '5cl0EVRQYMe69T1FVKOKgLweX8V.jpg', '[en]Sarah Connor[/en], ormai esperta cacciatrice di macchine, si ritrova a dover salvare una ragazza di nome [es]Dani Ramos[/es]. A dare la caccia alla giovane è un nuovo modello di [en]cyborg[/en], inviato dal futuro da [en]Skynet[/en]. La resistenza ha incaricato un\'ibrida metà umana e metà [en]cyborg[/en] di nome [en]Grace[/en], di proteggere [es]Dani[/es]. Nonostante i geni potenziati di [en]Grace[/en] e le svariate armi di [en]Sarah[/en], le due non riescono ad abbattere il temibile [en]cyborg[/en] e l\'unica via di salvezza sembra essere la fuga. Ma non si può scappare per sempre: le donne si vedono allora costrette a rivolgersi al \"vecchio\" modello di [en]Terminator[/en], il T-800, l\'unico che può provare ad aiutarle a salvare non solo la giovane ma anche il futuro.', 5, '2019-10-23', 185000000, 261119292, 15, NULL),
(182, '2010 - L\'anno del contatto', '[en]2010[/en]', 116, 'aExyNrGeuenYUuwKlHcynsdZuIE.jpg', 'Nove anni dopo la spedizione del [en]Discovery[/en], scienziati sovietici e americani partono a bordo dell\'astronave [en]Leonov[/en] verso Giove per scoprire il mistero del monolito nero e le ragioni del precedente fallimento. Deludente seguito del magistrale 2001: Odissea nello spazio (1968) di [en]Kubrick[/en]. [en]Hyams[/en] cerca di essere meno mistico e più concreto, ma ci riesce solo in parte. Ammirevoli effetti speciali di [en]Richard Edlund[/en]. [en]{abbr}Arthut Charles;A.C.{/abbr} Clarke[/en], anche qui autore del testo originale, ha dato alle stampe un 3° capitolo 2061: Odissea tre.', 5, '1984-12-06', 28000000, 40400657, 16, NULL),
(183, 'Il giardino delle parole', '[ja]言の葉の庭[/ja]', 46, 'aqszdEWK4VuuMov6pFBsFUwQ01z.jpg', '[ja]Takao[/ja], che si sta preparando per diventare un calzolaio, ha saltato la scuola e disegna scarpe in un giardino alla giapponese. Qui, [ja]Takao[/ja] incontra [ja]Yukino[/ja], una donna misteriosa e più grande di lui. Senza mai mettersi d\'accordo, i due continuano a vedersi più volte ma sempre e solo nei giorni di pioggia.', 5, '2013-05-31', NULL, NULL, 17, NULL),
(184, '[en]Weathering with You[/en]', '[ja]天気の子[/ja]', 111, 'eLQR0Jkz9lJmtku2ahWcAbwCJb0.jpg', '[ja]Hodaka[/ja] è uno studente delle superiori che decide di scappare di casa e da una remota isola si trasferisce a [ja]Tokyo[/ja]. In città inizialmente fa fatica a mantenersi perché non è in grado di lavorare legalmente a causa del suo status di minorenne in fuga, ma finalmente trova un lavoro come scrittore per una piccola rivista sull\'occulto. Dopo aver iniziato il suo lavoro, il tempo diventa sempre più piovoso giorno dopo giorno. In un angolo della città affollata e frenetica, [ja]Hodaka[/ja] incontra una ragazza di nome [ja]Hina[/ja]. Costretti dalle circostanze, [ja]Hina[/ja] e il fratello minore vivono insieme, anche se accettano la situazione allegramente. [ja]Hina[/ja] ha anche un potere: è in grado di fermare la pioggia e schiarire il cielo.', 5, '2019-06-19', NULL, 186965409, 17, NULL),
(185, '[ja]Suzume no Tojimari[/ja]', '[ja]すずめの戸締まり[/ja]', 121, 'i4fgst7Rhw0ScUltDzP9Nmq5Hpm.jpg', 'La storia ha come protagonista una ragazza di 17 anni, [ja]Suzume[/ja], che vive in una tranquilla cittadina del [ja]Kyushu[/ja]. Un giorno incontra un giovane viaggiatore che sta cercando una misteriosa \"porta\" e decide di seguirlo. Proprio la ragazza scopre l\'esistenza di un vecchio portale tra le rovine delle montagne. La leggenda narra l\'esistenza di diverse porte collegate tra loro in tutto il Giappone e che la chiusura di una di esse porti terribili sciagure.', 5, '2022-11-11', NULL, NULL, 17, NULL),
(186, '[en]Cross Road[/en]', '[ja]クロスロード[/ja]', 2, 'eL5OOMKzTY31QJrkMRkbOy5J2TP.jpg', NULL, 5, '2014-02-25', NULL, NULL, 17, NULL),
(187, '[en]Someone\'s Gaze[/en]', '[ja]だれかのまなざし[/ja]', 7, 'sHasTl3ok1YY7aOK7KZLLtBPmIP.jpg', 'Una voce narrante ci accompagnerà durante quasi tutta la breve visione, un inizio triste, la routine quotidiana, la menzogna, i sogni perduti, la solitudine del presente, per poi spostarsi sul passato, un inizio felice, la spensieratezza di una bambina, ma la vita è crudele, le cose cambiano, ci si allontana da tutto ciò a cui una volta si teneva, si diventa adulti.  A quel punto ci si rende conto che la voce narrante non è fine a se stessa, sono gli ultimi pensieri di qualcuno, del gatto che ha sempre accompagnato quelle persone a lui tanto care.  A quel punto la voce narrante si ferma, ancora momenti tristi, nulla sembra essere cambiato, ma la voce riprende la sua narrazione, ci parla di cosa ci fosse dietro quei momenti tristi, ci mostra che quella distanza è solo un\'illusione, mostra la speranza e che la morte è parte della vita, che è anche un nuovo inizio. (EREBO82)', 5, '2013-02-08', NULL, NULL, 17, NULL),
(188, 'Viaggio verso [en]Agartha[/en]', '[ja]星を追う子ども[/ja]', 116, 'q089ilAvTURIA0XktxnBPnmP08f.jpg', 'La narrazione si incentrerà su [ja]Asuna[/ja], una misteriosa fanciulla che vive le sue giornate in solitudine, accompagnata unicamente dalla musica trasmessa da una speciale radio di cristallo. L\'oggetto, a lei molto caro, le fu regalato dal padre in modo che lo potesse ricordare nel tempo. Un giorno, deciderà di intraprendere un viaggio per rincontrarsi con un ragazzo, da lì avrà inizio un\'emozionante avventura. [ja]Asuna[/ja] proverà nuovamente cosa voglia dire la separazione tuttavia durante il suo percorso scoprirà non solo la crudeltà ma anche le bellezza del mondo.', 5, '2011-05-07', NULL, NULL, 17, NULL),
(189, '5 {abbr}centimetri;cm{/abbr} al secondo', '[ja]秒速5センチメートル[/ja]', 63, 'xrKnc09N7LLywDbs8BF1iJR9SPS.jpg', '[ja]Takaki[/ja] e [ja]Akari[/ja] sono due bambini che frequentano la stessa classe alle scuole elementari e che hanno stretto una grande amicizia. La loro relazione viene però messa alla prova quando la famiglia di [ja]Akari[/ja] deve trasferirsi in un\'altra città. Entrambi cercano di mantenere i contatti, ma la distanza e il tempo giocano lentamente e inevitabilmente la loro partita. Quando, alcuni anni dopo, [ja]Takaki[/ja] scopre che anche la sua famiglia dovrà trasferirsi, decide di far visita a [ja]Akari[/ja] per un\'ultima volta.', 5, '2007-03-03', 5000000, NULL, 17, NULL),
(190, 'Oltre le nuvole, il luogo promessoci', '[ja]雲のむこう、約束の場所[/ja]', 91, '7DZsCCR9aTa7O3idK2cnl1dek7P.jpg', 'Il Giappone dopo la seconda guerra mondiale si è diviso in due parti, una sotto il controllo degli Stati Uniti e una legata all\'Unione Sovietica. Negli anni novanta il paese si riunisce e soltanto [ja]Hokkaidō[/ja] rimane occupata dai sovietici, i quali costruiscono una torre smisurata che è in realtà un\'arma in grado di trasformare il mondo in un universo completamente differente.  [ja]Hiroki Fujisawa[/ja] e [ja]Takuya Shirakawa[/ja], due amici all\'ultimo anno di scuola media, stanno costruendo un aereo per realizzare il loro sogno di volare vicino alla Torre di [ja]Hokkaido[/ja], imponente costruzione visibile anche a molti chilometri di distanza. [ja]Sayuri Sawatari[/ja], compagna di classe dei due, inizia a frequentarli e si fa promettere che la porteranno con loro quando il velivolo sarà finalmente in grado di decollare.', 5, '2004-11-20', NULL, NULL, 17, NULL),
(191, 'La voce delle stelle', '[ja]ほしのこえ[/ja]', 25, '7rCfnm9SBNJo5TTZKZWhgFShidt.jpg', 'La storia narra le vicende di due giovani studenti: [ja]Mikako[/ja] e [ja]Noboru[/ja]. I due, insieme fin dalle scuole superiori, vedono il mondo cambiare sopra le loro teste e i rispettivi destini allontanarli inesorabilmente. Lei infatti decide di arruolarsi nell\'esercito dell\'{abbr}Organizzazione delle Nazioni Unite;ONU{/abbr} nella ricerca di alcuni alieni ostili e diventa il pilota di un [en]mech[/en]. Lui rimane sulla terra a guardare dal basso l\'allontanarsi delle navi spaziali dirette verso l\'esterno del sistema solare. L\'unico mezzo che permetterà loro di rimanere in contatto sarà la posta elettronica controllata tramite cellulare, ma l\'allontanarsi dei mezzi dell\'esercito fuori dell\'atmosfera della terra farà sì che lo scambio di messaggi diventi sempre più lungo.', 5, '2002-02-02', NULL, NULL, 17, NULL),
(192, 'Lei e il suo gatto', '[ja]彼女と彼女の猫[/ja]', 5, 'tDqXZRziboOrZcJA2jFANWfVjdB.jpg', '[ja]Kanojo to Kanojo no Neko[/ja], narra un atipica storia d’amore tra un gatto e la sua padrona, raccontandone la storia attraverso i rispettivi punti di vista...', 5, '1999-10-01', NULL, NULL, 17, NULL),
(193, '[ja]みんなのうた「笑顔」[/ja]', '[ja]みんなのうた「笑顔」[/ja]', 2, 'iwEZohkQkaPS4KTNmvnml8cYHkC.jpg', NULL, 5, '2003-07-02', NULL, NULL, 17, NULL),
(194, '[en]Other Worlds[/en]', '[ja]遠い世界[/ja] - [en]OTHER WORLDS[/en]', 2, 'pHWfz63P72VSVfKggFFJPH2VqmQ.jpg', NULL, 5, '1999-01-02', NULL, NULL, 17, NULL),
(195, '[en]Psycho II[/en]', '[en]Psycho II[/en]', 113, 'yIwpEFGPp8X0RBC03mLUJClxXXE.jpg', '[en]Norman Bates[/en], dopo aver passato 22 anni in un istituto di riadattamento (egli infatti era stato arrestato per gli omicidi commessi nel [en]motel[/en] di sua proprietà e poi sottoposto a cure psichiche perché riconosciuto infermo di mente), torna a casa in quanto i medici lo dichiarano guarito: durante la seduta in tribunale, la sorella dell\'ultima sua vittima minaccia di vendicarsi poiché secondo lei egli è un assassino che non doveva essere rimesso in libertà. Lo psicanalista che ha facilitato l\'assoluzione di [en]Norman[/en] lo accompagna a casa e poi al posto di lavoro che egli stesso gli ha trovato e cioè come aiutante in un ristorante del paese. Il primo impatto con la propria casa lasciata drammaticamente tanti anni prima è sconvolgente per il giovane, ma egli sembra superare il primo momento e pare ben disposto a lavorare...', 5, '1983-06-03', 5000000, 34725000, 18, NULL),
(196, '[en]Psycho III[/en]', '[en]Psycho III[/en]', 93, 'oHjAphFdYVmQhmgNBHQ2CRJjsOf.jpg', '[en]Norman Bates[/en] ha ripreso il suo lavoro e si innamora di una [en]ex[/en]-suora che contraccambia il suo amore. Ma esso sarà ostacolato di nuovo dall\'istinto di sdoppiare la sua personalità e a tenere il cadavere impagliato della madre che lo induce ad uccidere i suoi clienti fino ad uscire completamente di senno.', 5, '1986-04-02', 8400000, 14481606, 18, NULL),
(197, '[en]Psycho[/en] IV', '[en]Psycho IV: The Beginning[/en]', 96, 'vxWTkQRAvTvA6rbBhsdC4pdnHuq.jpg', 'In un programma radiofonico l\'argomento della serata è il matricidio, e a spiegare le cause di questo delitto intervengono uno psicologo specializzato e un matricida stesso. Ad ascoltare il programma è [en]Norman Bates[/en], che, preso il dovuto coraggio, alza la cornetta e telefona alla radio, dicendo inizialmentre di chiamarsi [en]Ed[/en]. [en]Norman[/en] esordisce con una frase piuttosto inquietante: \"Ho ucciso e sto per uccidere ancora\". Ovviamente alla radio prendono subito sul serio questa minaccia, e cercano di farlo parlare il più possibile, del suo passato, della prima volta che ha ucciso e di come lui abbia ucciso sua madre. L\'uomo ripercorre tutte le tappe della sua vita, da quando era bambino, dalla morte del padre, fino all\'adolescenza, quando ha cominciato a dare i primi segni di squilibrio.', 5, '1990-11-10', 800000, NULL, 18, NULL),
(198, '[en]Cruella 2[/en]', '[en]Cruella 2[/en]', NULL, NULL, NULL, 1, NULL, NULL, NULL, 19, NULL),
(199, '[en]White Bird: A Wonder Story[/en]', '[en]White Bird: A Wonder Story[/en]', 122, '1BS7e6MiWlgemAwHCaRCt41Zp3x.jpg', NULL, 3, NULL, NULL, NULL, 20, NULL),
(200, 'La cosa', '[en]The Thing[/en]', 103, 'gWkYBw4VL6iAvsmvh8JdQK18cjM.jpg', 'La paleontologa [en]Kate Lloyd[/en] raggiunge un [en]team[/en] di scienziati norvegesi i quali hanno trovato, nascosta tra i ghiacci, una base sotterranea di origine sconosciuta e, poco distante, il corpo di un alieno conservato dal gelo. Una volta trasportato alla base il corpo si rianima e gli umani scoprono ben presto che la terrificante creatura è in grado di prendere possesso dei corpi dei terrestri mantenendone le sembianze e infiltrandosi quindi nel gruppo. Da quel momento tutti prendono a sospettare di tutti. Sarà [en]Kate[/en] a dover prendere il controllo della situazione escogitando strategie per far emergere i ‘falsi umani\' ed eliminarli.', 5, '2011-10-12', 35000000, 31505287, 21, NULL),
(201, '[en]Top Gun[/en]', '[en]Top Gun[/en]', 110, 'ckcBKTXdh67mwDFBTDmmvxbW71l.jpg', '[en]Pete \"Maverick\" Mitchell[/en], un [en]Tom Cruise[/en] in piena forma, e [en]Nick \"Goose\" Bradshaw (Anthony Edwards)[/en] sono rispettivamente pilota e navigatore di aerei da guerra, nonché cadetti della prestigiosa scuola per i [en]Top Gun[/en], la [fr]crème de la crème[/fr] dell\'aeronautica militare americana. Fra molteplici acrobazie aeree e spacconate assortite si avvicenda la storia d\'amore tra [en]Maverick[/en] e [en]Charlie[/en], l\'insegnante di volo interpretata da un\'affascinante [en]Kelly McGillis[/en]. Il pilota protagonista nella parte conclusiva del film si troverà a dover fare i conti con una crisi depressiva che gli farà perdere la fiducia nelle sue doti da pilota e che lo metterà a dura prova durante una missione aerea contro la minaccia comunista, priva di volto, anonima, personificata dagli aerei [en]Mig[/en] russi.', 5, '1986-05-16', 15000000, 356830601, 22, NULL),
(202, '[en]Sing[/en]', '[en]Sing[/en]', 108, 'fSLQa1RcnuStfA7z5KNAd2hEbwM.jpg', 'Il koala [en]Buster Moon[/en] si è innamorato del teatro all\'età di sei anni e al teatro ha dedicato la sua vita. Ha anche accumulato una discreta serie di fiaschi e di debiti e ora è ricercato dalla banca a cui ha chiesto un prestito e dai macchinisti che reclamano lo stipendio. Come salvare capra e cavoli? [en]Buster[/en] ha un\'idea geniale: un [en]talent show[/en]. Apre quindi le porte del suo teatro ad una lunga fila di aspiranti cantanti e [en]performer[/en] e sceglie i suoi gioielli: [es]Rosita[/es], maialina madre di 25 figli piccoli, [en]Mike[/en], topino vanitoso e [en]vocalist[/en] d\'eccezione, [en]Ash[/en], porcospina dal cuore [en]rock[/en] e [en]Johnny[/en], scimmione dall\'animo [en]blues[/en]. Ci sarebbe anche [en]Meena[/en], elefantina portentosa, apparentemente troppo timida per esibirsi in pubblico…', 5, '2016-11-23', 75000000, 634151679, 23, NULL),
(203, '[ja]鬼滅の刃 鼓屋敷編[/ja]', '[ja]鬼滅の刃 鼓屋敷編[/ja]', 87, 'pWiP8NvScmP2nRGYvccAczOghGI.jpg', NULL, 5, '2022-09-15', NULL, NULL, 24, NULL),
(204, '[ja]鬼滅の刃 浅草編[/ja]', '[ja]鬼滅の刃 浅草編[/ja]', 103, 'gDWL7MgibVRwIa9PnVWAAHRzdIN.jpg', NULL, 5, '2022-08-25', NULL, NULL, 24, NULL),
(205, '[en]Demon Slayer[/en]: [ja]Kimetsu no Yaiba the Hashira[/ja] - [en]Meeting Arc[/en]', '[ja]鬼滅の刃 柱合会議・蝶屋敷編[/ja]', 106, 'dDclNO4vWBDGBMyamtd1ZAQMISI.jpg', NULL, 5, '2020-12-20', NULL, NULL, 24, NULL),
(206, '[en]Demon Slayer[/en]: [ja]Kimetsu no Yaiba Mt. Natagumo Arc[/ja]', '[ja]鬼滅の刃 那田蜘蛛山編[/ja]', 138, 'gFZ3K5tgFit6PHOXLvSRwzDWacG.jpg', NULL, 5, '2020-10-17', NULL, NULL, 24, NULL),
(207, '[ja]鬼滅の刃 兄妹の絆[/ja]', '[ja]鬼滅の刃 兄妹の絆[/ja]', 105, '99cJLZkNoIFmufJ4yap6ZABl4nk.jpg', NULL, 5, '2019-03-29', NULL, NULL, 24, NULL);

-- --------------------------------------------------------

--
-- Table structure for table `film_genere`
--

CREATE TABLE `film_genere` (
  `film` bigint(20) UNSIGNED NOT NULL,
  `genere` smallint(5) UNSIGNED NOT NULL
) ENGINE=InnoDB DEFAULT CHARSET=utf8mb4;

--
-- Dumping data for table `film_genere`
--

INSERT INTO `film_genere` (`film`, `genere`) VALUES
(0, 0),
(0, 1),
(0, 2),
(1, 1),
(1, 2),
(1, 3),
(2, 0),
(2, 3),
(2, 4),
(2, 5),
(3, 0),
(3, 1),
(3, 2),
(4, 3),
(4, 5),
(4, 6),
(5, 4),
(5, 5),
(6, 3),
(6, 6),
(6, 7),
(7, 3),
(7, 8),
(8, 3),
(8, 4),
(9, 0),
(9, 1),
(10, 0),
(10, 1),
(10, 2),
(11, 0),
(11, 2),
(11, 9),
(12, 3),
(12, 4),
(12, 5),
(13, 3),
(13, 5),
(13, 10),
(14, 3),
(14, 4),
(14, 6),
(15, 0),
(15, 2),
(15, 9),
(16, 0),
(16, 3),
(16, 5),
(16, 11),
(17, 0),
(17, 2),
(17, 9),
(18, 2),
(18, 9),
(19, 4),
(19, 5),
(19, 10),
(20, 2),
(20, 9),
(21, 0),
(21, 1),
(21, 2),
(22, 1),
(22, 2),
(22, 6),
(23, 3),
(23, 4),
(24, 2),
(24, 6),
(24, 9),
(24, 12),
(24, 13),
(24, 14),
(25, 1),
(25, 12),
(25, 13),
(26, 0),
(26, 1),
(26, 2),
(27, 3),
(27, 12),
(27, 13),
(28, 0),
(28, 2),
(28, 3),
(29, 3),
(29, 6),
(30, 3),
(30, 14),
(30, 15),
(31, 3),
(31, 6),
(32, 3),
(32, 5),
(32, 11),
(32, 15),
(33, 5),
(33, 16),
(34, 3),
(34, 5),
(34, 6),
(35, 0),
(35, 1),
(35, 2),
(36, 3),
(36, 4),
(36, 9),
(37, 3),
(37, 4),
(37, 5),
(38, 3),
(38, 11),
(38, 15),
(39, 1),
(39, 3),
(39, 10),
(40, 9),
(40, 12),
(40, 13),
(41, 3),
(41, 11),
(41, 15),
(42, 3),
(42, 4),
(42, 5),
(43, 3),
(43, 6),
(44, 1),
(44, 3),
(44, 7),
(45, 5),
(45, 10),
(46, 3),
(46, 14),
(47, 0),
(47, 3),
(47, 4),
(48, 4),
(48, 5),
(49, 1),
(49, 16),
(50, 0),
(50, 1),
(50, 2),
(50, 13),
(51, 3),
(51, 11),
(51, 15),
(52, 3),
(52, 6),
(53, 1),
(53, 3),
(54, 0),
(54, 1),
(54, 5),
(55, 3),
(55, 4),
(56, 3),
(56, 7),
(57, 3),
(58, 3),
(58, 4),
(59, 3),
(60, 3),
(60, 4),
(61, 3),
(62, 0),
(62, 3),
(62, 4),
(63, 3),
(63, 4),
(63, 5),
(64, 1),
(64, 2),
(64, 10),
(65, 3),
(65, 6),
(66, 3),
(67, 3),
(68, 3),
(68, 7),
(68, 13),
(69, 3),
(70, 3),
(70, 4),
(70, 5),
(71, 3),
(71, 11),
(72, 3),
(72, 4),
(73, 3),
(73, 6),
(73, 9),
(73, 12),
(73, 13),
(74, 3),
(74, 5),
(74, 16),
(75, 3),
(75, 4),
(76, 0),
(76, 1),
(76, 2),
(76, 9),
(77, 3),
(77, 5),
(78, 3),
(78, 15),
(79, 3),
(79, 6),
(79, 11),
(80, 2),
(80, 9),
(80, 13),
(81, 4),
(81, 6),
(82, 3),
(82, 11),
(83, 3),
(83, 12),
(84, 0),
(84, 3),
(84, 5),
(84, 10),
(85, 8),
(86, 3),
(86, 11),
(87, 3),
(88, 3),
(88, 7),
(89, 3),
(90, 2),
(90, 9),
(90, 13),
(91, 9),
(91, 12),
(91, 13),
(92, 0),
(92, 3),
(92, 15),
(93, 3),
(93, 4),
(94, 3),
(95, 3),
(95, 12),
(96, 4),
(96, 6),
(97, 1),
(97, 10),
(97, 16),
(98, 3),
(98, 6),
(98, 7),
(99, 5),
(99, 10),
(100, 3),
(101, 0),
(101, 4),
(101, 5),
(102, 0),
(102, 3),
(103, 3),
(103, 7),
(104, 5),
(104, 7),
(104, 10),
(105, 3),
(105, 4),
(106, 3),
(106, 6),
(106, 11),
(107, 3),
(107, 10),
(108, 3),
(108, 6),
(109, 3),
(109, 7),
(110, 3),
(110, 4),
(111, 3),
(111, 11),
(111, 13),
(112, 3),
(113, 3),
(113, 6),
(113, 7),
(114, 3),
(114, 5),
(114, 10),
(115, 3),
(115, 8),
(116, 3),
(116, 7),
(117, 3),
(117, 14),
(117, 15),
(118, 3),
(118, 9),
(118, 12),
(119, 3),
(120, 2),
(120, 6),
(120, 13),
(121, 8),
(122, 3),
(123, 3),
(123, 13),
(124, 2),
(124, 6),
(124, 9),
(124, 12),
(124, 13),
(125, 3),
(125, 11),
(126, 3),
(126, 6),
(127, 3),
(127, 5),
(128, 3),
(128, 4),
(128, 5),
(129, 3),
(129, 5),
(129, 7),
(130, 4),
(130, 6),
(130, 7),
(130, 14),
(131, 0),
(131, 3),
(132, 3),
(132, 15),
(133, 0),
(133, 2),
(133, 9),
(133, 13),
(134, 6),
(134, 11),
(135, 1),
(135, 2),
(135, 3),
(136, 3),
(136, 6),
(136, 7),
(136, 14),
(137, 3),
(137, 9),
(138, 3),
(139, 3),
(140, 0),
(140, 3),
(140, 4),
(140, 5),
(141, 0),
(141, 3),
(141, 4),
(142, 0),
(142, 1),
(142, 2),
(143, 0),
(143, 1),
(143, 2),
(144, 0),
(144, 1),
(144, 2),
(144, 5),
(145, 0),
(145, 1),
(145, 2),
(145, 5),
(146, 0),
(146, 1),
(146, 2),
(147, 3),
(147, 4),
(147, 5),
(148, 2),
(148, 9),
(149, 2),
(149, 9),
(150, 2),
(150, 9),
(150, 12),
(151, 2),
(151, 9),
(152, 2),
(152, 9),
(152, 10),
(153, 2),
(153, 9),
(154, 0),
(154, 1),
(154, 2),
(155, 0),
(155, 1),
(155, 2),
(156, 0),
(156, 1),
(156, 2),
(157, 0),
(157, 1),
(157, 2),
(158, 0),
(158, 1),
(158, 2),
(158, 9),
(159, 0),
(159, 1),
(159, 2),
(160, 0),
(160, 1),
(160, 2),
(161, 1),
(161, 2),
(161, 6),
(162, 1),
(162, 2),
(162, 6),
(163, 3),
(163, 4),
(163, 5),
(164, 0),
(164, 1),
(164, 2),
(164, 3),
(165, 0),
(165, 1),
(165, 2),
(166, 0),
(166, 6),
(166, 12),
(166, 13),
(167, 0),
(167, 2),
(167, 12),
(167, 13),
(168, 5),
(168, 9),
(168, 16),
(169, 3),
(169, 4),
(169, 5),
(170, 3),
(170, 4),
(170, 5),
(171, 3),
(171, 4),
(171, 5),
(171, 16),
(172, 0),
(172, 1),
(172, 5),
(173, 0),
(173, 1),
(173, 16),
(174, 0),
(174, 1),
(174, 16),
(175, 0),
(175, 1),
(175, 2),
(175, 13),
(176, 0),
(176, 1),
(176, 2),
(176, 13),
(177, 0),
(177, 1),
(177, 5),
(178, 0),
(178, 1),
(178, 5),
(179, 0),
(179, 1),
(179, 5),
(180, 0),
(180, 1),
(180, 2),
(180, 5),
(181, 0),
(181, 1),
(181, 2),
(182, 1),
(182, 5),
(183, 3),
(183, 7),
(183, 13),
(184, 3),
(184, 7),
(184, 9),
(184, 13),
(185, 2),
(185, 3),
(185, 9),
(185, 13),
(186, 13),
(187, 1),
(187, 3),
(187, 13),
(188, 2),
(188, 3),
(188, 7),
(188, 9),
(188, 13),
(189, 3),
(189, 7),
(189, 12),
(189, 13),
(190, 1),
(190, 2),
(190, 3),
(190, 7),
(190, 13),
(191, 1),
(191, 7),
(191, 13),
(192, 13),
(193, 13),
(193, 14),
(194, 3),
(194, 7),
(194, 13),
(195, 5),
(195, 10),
(195, 16),
(196, 5),
(196, 10),
(196, 16),
(197, 5),
(197, 10),
(197, 16),
(198, 4),
(198, 6),
(199, 3),
(200, 1),
(200, 5),
(200, 10),
(200, 16),
(201, 0),
(201, 3),
(202, 6),
(202, 12),
(202, 13),
(202, 14),
(203, 0),
(203, 9),
(203, 13),
(204, 9),
(204, 13),
(205, 9),
(205, 13),
(206, 0),
(206, 3),
(206, 9),
(206, 13),
(207, 0),
(207, 9),
(207, 13);

-- --------------------------------------------------------

--
-- Table structure for table `film_paese`
--

CREATE TABLE `film_paese` (
  `film` bigint(20) UNSIGNED NOT NULL,
  `paese` char(2) NOT NULL
) ENGINE=InnoDB DEFAULT CHARSET=utf8mb4;

--
-- Dumping data for table `film_paese`
--

INSERT INTO `film_paese` (`film`, `paese`) VALUES
(0, 'GB'),
(0, 'US'),
(1, 'GB'),
(1, 'US'),
(2, 'GB'),
(2, 'US'),
(3, 'US'),
(4, 'DE'),
(4, 'US'),
(5, 'US'),
(6, 'US'),
(7, 'US'),
(8, 'US'),
(9, 'US'),
(10, 'US'),
(11, 'NZ'),
(11, 'US'),
(12, 'CA'),
(12, 'US'),
(13, 'US'),
(14, 'US'),
(15, 'NZ'),
(15, 'US'),
(16, 'DE'),
(16, 'FR'),
(16, 'US'),
(17, 'NZ'),
(17, 'US'),
(18, 'GB'),
(18, 'US'),
(19, 'US'),
(20, 'GB'),
(20, 'US'),
(21, 'US'),
(22, 'US'),
(23, 'US'),
(24, 'MX'),
(24, 'US'),
(25, 'US'),
(26, 'US'),
(27, 'US'),
(28, 'GB'),
(28, 'US'),
(29, 'US'),
(30, 'GB'),
(30, 'US'),
(31, 'FR'),
(32, 'GB'),
(32, 'US'),
(33, 'GB'),
(33, 'US'),
(34, 'KR'),
(35, 'US'),
(36, 'US'),
(37, 'US'),
(38, 'US'),
(39, 'GB'),
(39, 'US'),
(40, 'JP'),
(41, 'US'),
(42, 'US'),
(43, 'DE'),
(43, 'US'),
(44, 'US'),
(45, 'US'),
(46, 'US'),
(47, 'FR'),
(47, 'US'),
(48, 'US'),
(49, 'GB'),
(49, 'US'),
(50, 'US'),
(51, 'AU'),
(51, 'US'),
(52, 'IT'),
(53, 'GB'),
(53, 'US'),
(54, 'FR'),
(54, 'US'),
(55, 'US'),
(56, 'BR'),
(56, 'FR'),
(56, 'IT'),
(56, 'US'),
(57, 'US'),
(58, 'US'),
(59, 'US'),
(60, 'US'),
(61, 'US'),
(62, 'US'),
(63, 'US'),
(64, 'GB'),
(64, 'US'),
(65, 'US'),
(66, 'US'),
(67, 'DE'),
(67, 'US'),
(68, 'JP'),
(69, 'US'),
(70, 'US'),
(71, 'GB'),
(71, 'US'),
(72, 'GB'),
(72, 'US'),
(73, 'US'),
(74, 'US'),
(75, 'US'),
(76, 'US'),
(77, 'CA'),
(77, 'GB'),
(77, 'IE'),
(77, 'US'),
(78, 'US'),
(79, 'CZ'),
(79, 'NZ'),
(79, 'US'),
(80, 'JP'),
(81, 'GB'),
(81, 'US'),
(82, 'DE'),
(82, 'FR'),
(82, 'GB'),
(82, 'PL'),
(83, 'US'),
(84, 'KR'),
(85, 'DE'),
(85, 'ES'),
(85, 'IT'),
(85, 'US'),
(86, 'US'),
(87, 'US'),
(88, 'FR'),
(88, 'GB'),
(88, 'US'),
(89, 'US'),
(90, 'JP'),
(91, 'JP'),
(92, 'US'),
(93, 'BR'),
(93, 'FR'),
(94, 'AU'),
(94, 'GB'),
(94, 'US'),
(95, 'GB'),
(95, 'US'),
(96, 'GB'),
(97, 'CA'),
(97, 'US'),
(98, 'US'),
(99, 'US'),
(100, 'US'),
(101, 'US'),
(102, 'US'),
(103, 'US'),
(104, 'US'),
(105, 'FR'),
(105, 'US'),
(106, 'GB'),
(106, 'US'),
(107, 'US'),
(108, 'US'),
(109, 'US'),
(110, 'IT'),
(110, 'US'),
(111, 'JP'),
(112, 'TR'),
(113, 'IN'),
(114, 'ES'),
(115, 'IT'),
(115, 'US'),
(116, 'FR'),
(116, 'IT'),
(117, 'US'),
(118, 'US'),
(119, 'BE'),
(119, 'DK'),
(119, 'FR'),
(119, 'SE'),
(120, 'US'),
(121, 'DE'),
(121, 'ES'),
(121, 'IT'),
(122, 'FR'),
(123, 'JP'),
(124, 'ES'),
(125, 'GB'),
(125, 'US'),
(126, 'US'),
(127, 'DE'),
(127, 'FR'),
(128, 'KR'),
(129, 'KR'),
(130, 'US'),
(131, 'JP'),
(132, 'GB'),
(132, 'US'),
(133, 'JP'),
(134, 'US'),
(135, 'IN'),
(135, 'US'),
(136, 'US'),
(137, 'SE'),
(138, 'CA'),
(139, 'FR'),
(139, 'GB'),
(139, 'US'),
(140, 'US'),
(141, 'GB'),
(141, 'US'),
(142, 'US'),
(143, 'US'),
(144, 'US'),
(145, 'US'),
(146, 'DE'),
(146, 'US'),
(147, 'US'),
(148, 'GB'),
(148, 'US'),
(149, 'GB'),
(149, 'US'),
(150, 'GB'),
(150, 'US'),
(151, 'GB'),
(151, 'US'),
(152, 'GB'),
(152, 'US'),
(153, 'GB'),
(153, 'US'),
(154, 'US'),
(155, 'US'),
(156, 'US'),
(157, 'US'),
(158, 'US'),
(159, 'US'),
(160, 'US'),
(161, 'US'),
(162, 'US'),
(163, 'US'),
(164, 'US'),
(165, 'US'),
(166, 'US'),
(167, 'US'),
(168, 'US'),
(169, 'DE'),
(169, 'GB'),
(169, 'US'),
(170, 'GB'),
(170, 'US'),
(171, 'CZ'),
(171, 'FR'),
(171, 'GB'),
(171, 'IT'),
(171, 'US'),
(172, 'US'),
(173, 'GB'),
(173, 'US'),
(174, 'US'),
(175, 'US'),
(176, 'US'),
(177, 'GB'),
(177, 'US'),
(178, 'DE'),
(178, 'GB'),
(178, 'US'),
(179, 'DE'),
(179, 'GB'),
(179, 'US'),
(180, 'CA'),
(180, 'US'),
(181, 'CN'),
(181, 'ES'),
(181, 'HU'),
(181, 'US'),
(182, 'US'),
(183, 'JP'),
(184, 'JP'),
(185, 'JP'),
(186, 'JP'),
(187, 'JP'),
(188, 'JP'),
(189, 'JP'),
(190, 'JP'),
(191, 'JP'),
(192, 'JP'),
(194, 'JP'),
(195, 'US'),
(196, 'US'),
(197, 'US'),
(198, 'US'),
(199, 'US'),
(200, 'CA'),
(200, 'US'),
(201, 'US'),
(202, 'US'),
(203, 'JP'),
(204, 'JP'),
(205, 'JP'),
(206, 'JP'),
(207, 'JP');

-- --------------------------------------------------------

--
-- Table structure for table `gender`
--

CREATE TABLE `gender` (
  `id` tinyint(3) UNSIGNED NOT NULL,
  `nome` varchar(50) NOT NULL
) ENGINE=InnoDB DEFAULT CHARSET=utf8mb4;

--
-- Dumping data for table `gender`
--

INSERT INTO `gender` (`id`, `nome`) VALUES
(1, 'Femmina'),
(2, 'Maschio'),
(3, 'Non binario'),
(0, 'Non specificato');

-- --------------------------------------------------------

--
-- Table structure for table `genere`
--

CREATE TABLE `genere` (
  `id` smallint(5) UNSIGNED NOT NULL,
  `nome` varchar(50) NOT NULL
) ENGINE=InnoDB DEFAULT CHARSET=utf8mb4;

--
-- Dumping data for table `genere`
--

INSERT INTO `genere` (`id`, `nome`) VALUES
(13, 'Animazione'),
(2, 'Avventura'),
(0, 'Azione'),
(6, 'Commedia'),
(4, 'Crime'),
(3, 'Dramma'),
(12, 'Famiglia'),
(1, 'Fantascienza'),
(9, 'Fantasy'),
(11, 'Guerra'),
(16, 'Horror'),
(10, 'Mistero'),
(14, 'Musica'),
(7, 'Romance'),
(15, 'Storia'),
(5, 'Thriller'),
(8, 'Western');

-- --------------------------------------------------------

--
-- Table structure for table `i_collezione`
--

CREATE TABLE `i_collezione` (
  `id` int(10) UNSIGNED NOT NULL,
  `tmdb_id` int(10) UNSIGNED DEFAULT NULL
) ENGINE=InnoDB DEFAULT CHARSET=utf8mb4;

--
-- Dumping data for table `i_collezione`
--

INSERT INTO `i_collezione` (`id`, `tmdb_id`) VALUES
(0, 263),
(1, 86311),
(2, 2344),
(3, 119),
(4, 987044),
(5, 1241),
(6, 10),
(7, 264),
(8, 230),
(9, 531241),
(10, 94032),
(11, 530064),
(12, 9743),
(13, 8091),
(14, 573436),
(15, 528),
(16, 4438),
(17, 952095),
(18, 119674),
(19, 837007),
(20, 991356),
(21, 479888),
(22, 531330),
(23, 544670),
(24, 925155);

-- --------------------------------------------------------

--
-- Table structure for table `i_film`
--

CREATE TABLE `i_film` (
  `id` bigint(20) UNSIGNED NOT NULL,
  `tmdb_id` bigint(20) UNSIGNED DEFAULT NULL
) ENGINE=InnoDB DEFAULT CHARSET=utf8mb4;

--
-- Dumping data for table `i_film`
--

INSERT INTO `i_film` (`id`, `tmdb_id`) VALUES
(0, 27205),
(1, 157336),
(2, 155),
(3, 299536),
(4, 550),
(5, 680),
(6, 13),
(7, 68718),
(8, 278),
(9, 603),
(10, 299534),
(11, 120),
(12, 475557),
(13, 11324),
(14, 106646),
(15, 122),
(16, 16869),
(17, 121),
(18, 673),
(19, 807),
(20, 12445),
(21, 11),
(22, 105),
(23, 238),
(24, 354912),
(25, 10681),
(26, 634649),
(27, 8587),
(28, 98),
(29, 37165),
(30, 424694),
(31, 77338),
(32, 205596),
(33, 694),
(34, 496243),
(35, 1891),
(36, 497),
(37, 274),
(38, 857),
(39, 1124),
(40, 129),
(41, 424),
(42, 1422),
(43, 120467),
(44, 38),
(45, 77),
(46, 244786),
(47, 101),
(48, 500),
(49, 348),
(50, 324857),
(51, 324786),
(52, 637),
(53, 185),
(54, 280),
(55, 769),
(56, 398818),
(57, 14),
(58, 240),
(59, 489),
(60, 103),
(61, 73),
(62, 111),
(63, 146233),
(64, 62),
(65, 490132),
(66, 207),
(67, 13223),
(68, 372058),
(69, 510),
(70, 629),
(71, 600),
(72, 359940),
(73, 508442),
(74, 539),
(75, 641),
(76, 791373),
(77, 264644),
(78, 381284),
(79, 515001),
(80, 4935),
(81, 337404),
(82, 423),
(83, 406997),
(84, 670),
(85, 429),
(86, 28),
(87, 389),
(88, 4348),
(89, 50014),
(90, 128),
(91, 8392),
(92, 359724),
(93, 598),
(94, 334543),
(95, 28178),
(96, 100),
(97, 1091),
(98, 449176),
(99, 567),
(100, 7345),
(101, 615457),
(102, 361743),
(103, 527641),
(104, 426),
(105, 524),
(106, 935),
(107, 15),
(108, 400928),
(109, 289),
(110, 311),
(111, 12477),
(112, 637920),
(113, 19404),
(114, 411088),
(115, 335),
(116, 11216),
(117, 279),
(118, 1585),
(119, 103663),
(120, 438695),
(121, 938),
(122, 406),
(123, 378064),
(124, 508965),
(125, 11778),
(126, 3082),
(127, 582),
(128, 11423),
(129, 290098),
(130, 239),
(131, 346),
(132, 1955),
(133, 635302),
(134, 914),
(135, 522402),
(136, 872),
(137, 490),
(138, 265177),
(139, 600354),
(140, 49026),
(141, 272),
(142, 24428),
(143, 99861),
(144, 604),
(145, 605),
(146, 624860),
(147, 889737),
(148, 671),
(149, 672),
(150, 674),
(151, 767),
(152, 675),
(153, 12444),
(154, 1892),
(155, 1893),
(156, 1894),
(157, 1895),
(158, 140607),
(159, 181812),
(160, 181808),
(161, 165),
(162, 196),
(163, 242),
(164, 315635),
(165, 429617),
(166, 11430),
(167, 9732),
(168, 501170),
(169, 9533),
(170, 9740),
(171, 1248),
(172, 679),
(173, 8077),
(174, 8078),
(175, 569094),
(176, 911916),
(177, 218),
(178, 296),
(179, 534),
(180, 87101),
(181, 290859),
(182, 4437),
(183, 198375),
(184, 568160),
(185, 916224),
(186, 277095),
(187, 222715),
(188, 79707),
(189, 38142),
(190, 12924),
(191, 37910),
(192, 18143),
(193, 1033843),
(194, 73799),
(195, 10576),
(196, 12662),
(197, 40377),
(198, 836454),
(199, 779816),
(200, 60935),
(201, 744),
(202, 335797),
(203, 895006),
(204, 895003),
(205, 811948),
(206, 802401),
(207, 820232);

-- --------------------------------------------------------

--
-- Table structure for table `i_genere`
--

CREATE TABLE `i_genere` (
  `id` smallint(5) UNSIGNED NOT NULL,
  `tmdb_id` smallint(5) UNSIGNED DEFAULT NULL
) ENGINE=InnoDB DEFAULT CHARSET=utf8mb4;

--
-- Dumping data for table `i_genere`
--

INSERT INTO `i_genere` (`id`, `tmdb_id`) VALUES
(0, 28),
(1, 878),
(2, 12),
(3, 18),
(4, 80),
(5, 53),
(6, 35),
(7, 10749),
(8, 37),
(9, 14),
(10, 9648),
(11, 10752),
(12, 10751),
(13, 16),
(14, 10402),
(15, 36),
(16, 27);

-- --------------------------------------------------------

--
-- Table structure for table `i_persona`
--

CREATE TABLE `i_persona` (
  `id` int(10) UNSIGNED NOT NULL,
  `tmdb_id` int(10) UNSIGNED DEFAULT NULL
) ENGINE=InnoDB DEFAULT CHARSET=utf8mb4;

--
-- Dumping data for table `i_persona`
--

INSERT INTO `i_persona` (`id`, `tmdb_id`) VALUES
(0, 947),
(1, 525),
(2, 556),
(3, 2157773),
(4, 2157775),
(5, 527),
(6, 2162),
(7, 282),
(8, 1213),
(9, 20643),
(10, 37),
(11, 10850),
(12, 19271),
(13, 19272),
(14, 1463281),
(15, 1254),
(16, 7467),
(17, 7474),
(18, 7475),
(19, 7477),
(20, 7478),
(21, 138),
(22, 2545),
(23, 24),
(24, 28),
(25, 29),
(26, 30),
(27, 5382),
(28, 68215),
(29, 1003189),
(30, 153),
(31, 4027),
(32, 4028),
(33, 1091),
(34, 4949),
(35, 9339),
(36, 9340),
(37, 123),
(38, 117),
(39, 108),
(40, 126),
(41, 15292),
(42, 324),
(43, 45648),
(44, 51329),
(45, 57130),
(46, 1178828),
(47, 1032),
(48, 20206),
(49, 20207),
(50, 6193),
(51, 1027545),
(52, 1027550),
(53, 491),
(54, 10965),
(55, 10968),
(56, 11218),
(57, 11222),
(58, 10764),
(59, 12047),
(60, 12048),
(61, 2949),
(62, 10966),
(63, 11343),
(64, 65614),
(65, 1),
(66, 12401),
(67, 19801),
(68, 1058),
(69, 1059),
(70, 1776),
(71, 457),
(72, 3098),
(73, 8),
(74, 7878),
(75, 15347),
(76, 7),
(77, 72752),
(78, 72753),
(79, 1246890),
(80, 1293994),
(81, 1350918),
(82, 1425616),
(83, 15812),
(84, 12824),
(85, 18898),
(86, 578),
(87, 929),
(88, 930),
(89, 931),
(90, 948),
(91, 2690),
(92, 2997),
(93, 8685),
(94, 11302),
(95, 11303),
(96, 1188738),
(97, 380),
(98, 9032),
(99, 9039),
(100, 16729),
(101, 84530),
(102, 195163),
(103, 928828),
(104, 1041394),
(105, 2026132),
(106, 70526),
(107, 84425),
(108, 84426),
(109, 94909),
(110, 142982),
(111, 937260),
(112, 77965),
(113, 1080589),
(114, 1384723),
(115, 1384724),
(116, 240),
(117, 2284),
(118, 2285),
(119, 21684),
(120, 1305523),
(121, 2127965),
(122, 2187821),
(123, 2187912),
(124, 665),
(125, 10930),
(126, 3718),
(127, 16294),
(128, 16296),
(129, 16297),
(130, 16298),
(131, 284),
(132, 488),
(133, 6048),
(134, 9987),
(135, 554),
(136, 558),
(137, 608),
(138, 636),
(139, 1417),
(140, 2211),
(141, 287),
(142, 1298),
(143, 5655),
(144, 1004835),
(145, 1004836),
(146, 201),
(147, 312),
(148, 321),
(149, 322),
(150, 550),
(151, 551),
(152, 60864),
(153, 66726),
(154, 84348),
(155, 136495),
(156, 1287961),
(157, 1419631),
(158, 59),
(159, 60),
(160, 996),
(161, 8297),
(162, 915),
(163, 1723),
(164, 1760),
(165, 5053),
(166, 7626),
(167, 35666),
(168, 59918),
(169, 107446),
(170, 151007),
(171, 155267),
(172, 582922),
(173, 936670),
(174, 2461),
(175, 2487),
(176, 2593),
(177, 11405),
(178, 57049),
(179, 69227),
(180, 1128852),
(181, 1209168),
(182, 1319499),
(183, 4818),
(184, 9232),
(185, 9233),
(186, 9245),
(187, 2710),
(188, 2711),
(189, 2722),
(190, 11472),
(191, 54441),
(192, 47054),
(193, 78160),
(194, 156483),
(195, 1110466),
(196, 1196264),
(197, 1242722),
(198, 1300796),
(199, 39),
(200, 8215),
(201, 8216),
(202, 2870),
(203, 2871),
(204, 3170),
(205, 2872),
(206, 880),
(207, 1892),
(208, 5216),
(209, 1045),
(210, 12432),
(211, 12433),
(212, 814),
(213, 816),
(214, 851),
(215, 1150),
(216, 1151),
(217, 1154),
(218, 47285),
(219, 47286),
(220, 74038),
(221, 117992),
(222, 137427),
(223, 935990),
(224, 1122643),
(225, 257),
(226, 7396),
(227, 7408),
(228, 54242),
(229, 78336),
(230, 1557939),
(231, 1802871),
(232, 2691),
(233, 2704),
(234, 2706),
(235, 2707),
(236, 2708),
(237, 190),
(238, 4746),
(239, 33525),
(240, 33526),
(241, 41551),
(242, 74091),
(243, 237364),
(244, 1462260),
(245, 1735187),
(246, 1895797),
(247, 2160645),
(248, 2160646),
(249, 2160648),
(250, 2160649),
(251, 1310),
(252, 3392),
(253, 3974),
(254, 7066),
(255, 9033),
(256, 9034),
(257, 8645),
(258, 1225),
(259, 29227),
(260, 54472),
(261, 54474),
(262, 3186),
(263, 12890),
(264, 142391),
(265, 1513968),
(266, 1924359),
(267, 2636),
(268, 6377),
(269, 6431),
(270, 6433),
(271, 9537),
(272, 15217),
(273, 56827),
(274, 79243),
(275, 43147),
(276, 83281),
(277, 551482),
(278, 1375896),
(279, 40825),
(280, 20063),
(281, 36427),
(282, 266920),
(283, 558267),
(284, 1141683),
(285, 55934),
(286, 1409486),
(287, 1550516),
(288, 627),
(289, 631),
(290, 40454),
(291, 515),
(292, 23485),
(293, 50767),
(294, 64830),
(295, 1533516),
(296, 2109201),
(297, 3158072),
(298, 1400),
(299, 3556),
(300, 3559),
(301, 3560),
(302, 19311),
(303, 31710),
(304, 55177),
(305, 62758),
(306, 10099),
(307, 10105),
(308, 37929),
(309, 37930),
(310, 87535),
(311, 1295395),
(312, 1259),
(313, 4385),
(314, 5820),
(315, 8328),
(316, 8643),
(317, 4958),
(318, 39996),
(319, 5246),
(320, 5260),
(321, 2236),
(322, 2238),
(323, 11269),
(324, 21378),
(325, 36588),
(326, 17828),
(327, 55789),
(328, 1008413),
(329, 55667),
(330, 366),
(331, 7229),
(332, 133287),
(333, 8562),
(334, 8563),
(335, 8566),
(336, 8568),
(337, 8569),
(338, 8570),
(339, 8571),
(340, 8572),
(341, 8574),
(342, 8575),
(343, 8576),
(344, 37270),
(345, 37276),
(346, 137220),
(347, 233130),
(348, 1023809),
(349, 1173102),
(350, 1205),
(351, 3498),
(352, 5306),
(353, 22680),
(354, 929308),
(355, 2727063),
(356, 960),
(357, 956),
(358, 957),
(359, 959),
(360, 11770),
(361, 11813),
(362, 15445),
(363, 10770),
(364, 6040),
(365, 25046),
(366, 88967),
(367, 1042699),
(368, 1345249),
(369, 1538209),
(370, 8619),
(371, 4762),
(372, 4769),
(373, 4770),
(374, 74333),
(375, 59410),
(376, 225635),
(377, 1155665),
(378, 1169024),
(379, 1654005),
(380, 1757536),
(381, 770),
(382, 500),
(383, 799),
(384, 58433),
(385, 86270),
(386, 237405),
(387, 6041),
(388, 17451),
(389, 76794),
(390, 88675),
(391, 1903350),
(392, 2354280),
(393, 7170),
(394, 14252),
(395, 40),
(396, 54772),
(397, 57175),
(398, 87742),
(399, 1092705),
(400, 3249),
(401, 4109),
(402, 4123),
(403, 376),
(404, 628),
(405, 72419),
(406, 230767),
(407, 1556675),
(408, 3046738),
(409, 3046739),
(410, 3046745),
(411, 3046794),
(412, 35770),
(413, 35771),
(414, 70849),
(415, 133179),
(416, 51897),
(417, 968298),
(418, 1051305),
(419, 1179663),
(420, 1847416),
(421, 4986),
(422, 2378),
(423, 65314),
(424, 68633),
(425, 3778372),
(426, 18170),
(427, 2662),
(428, 4082),
(429, 1015),
(430, 1560),
(431, 4453),
(432, 73486),
(433, 5720),
(434, 38802),
(435, 52842),
(436, 65674),
(437, 14267),
(438, 2406),
(439, 5425),
(440, 144658),
(441, 1072778),
(442, 1368260),
(443, 1677276),
(444, 1831941),
(445, 1880453),
(446, 1898718),
(447, 124749),
(448, 945850),
(449, 1069821),
(450, 1668123),
(451, 1854967),
(452, 581),
(453, 12114),
(454, 14895),
(455, 14897),
(456, 13848),
(457, 5488),
(458, 8193),
(459, 8195),
(460, 8208),
(461, 8209),
(462, 17130),
(463, 63693),
(464, 69384),
(465, 69385),
(466, 69386),
(467, 37928),
(468, 3146),
(469, 3159),
(470, 4100),
(471, 5026),
(472, 20832),
(473, 7460),
(474, 719),
(475, 5602),
(476, 15901),
(477, 89839),
(478, 1283010),
(479, 1433681),
(480, 1817520),
(481, 2652974),
(482, 2652979),
(483, 424103),
(484, 278),
(485, 5054),
(486, 23779),
(487, 57343),
(488, 60318),
(489, 114404),
(490, 968859),
(491, 9055),
(492, 13284),
(493, 13294),
(494, 95665),
(495, 6648),
(496, 6650),
(497, 6651),
(498, 143593),
(499, 1034358),
(500, 1049426),
(501, 20062),
(502, 50516),
(503, 55921),
(504, 1150548),
(505, 2305929),
(506, 2305930),
(507, 511),
(508, 12891),
(509, 531),
(510, 1071),
(511, 1075),
(512, 8528),
(513, 11266),
(514, 1111715),
(515, 1621370),
(516, 1065353),
(517, 9152),
(518, 10723),
(519, 11344),
(520, 19800),
(521, 489),
(522, 16961),
(523, 15344),
(524, 28977),
(525, 1729808),
(526, 67367),
(527, 60047),
(528, 1664405),
(529, 1874644),
(530, 3219),
(531, 3220),
(532, 3222),
(533, 52935),
(534, 101814),
(535, 1236679),
(536, 56854),
(537, 69416),
(538, 69418),
(539, 69419),
(540, 2136804),
(541, 2388163),
(542, 2388164),
(543, 2388165),
(544, 57263),
(545, 58829),
(546, 58830),
(547, 60472),
(548, 66821),
(549, 551463),
(550, 989610),
(551, 1770856),
(552, 5398),
(553, 19051),
(554, 11091),
(555, 12455),
(556, 16785),
(557, 16787),
(558, 23451),
(559, 869),
(560, 1729),
(561, 5581),
(562, 2419),
(563, 21962),
(564, 35510),
(565, 89596),
(566, 1046497),
(567, 2451598),
(568, 3986),
(569, 7213),
(570, 7227),
(571, 7228),
(572, 56967),
(573, 66185),
(574, 1282435),
(575, 7214),
(576, 7215),
(577, 36425),
(578, 20295),
(579, 20908),
(580, 964905),
(581, 1904993),
(582, 29018),
(583, 47005),
(584, 929145),
(585, 55252),
(586, 8422),
(587, 37710),
(588, 1116326),
(589, 1288215),
(590, 2419817),
(591, 3276309),
(592, 1620231),
(593, 237520),
(594, 3764393),
(595, 1755525),
(596, 1308715),
(597, 6935),
(598, 29471),
(599, 64796),
(600, 7301),
(601, 5912),
(602, 7300),
(603, 56911),
(604, 61824),
(605, 65000),
(606, 77723),
(607, 12995),
(608, 1748880),
(609, 15219),
(610, 15220),
(611, 115033),
(612, 1692687),
(613, 771),
(614, 893),
(615, 11080),
(616, 11081),
(617, 2282830);

-- --------------------------------------------------------

--
-- Table structure for table `lista`
--

CREATE TABLE `lista` (
  `id` bigint(20) UNSIGNED NOT NULL,
  `utente` bigint(20) UNSIGNED DEFAULT NULL,
  `nome` varchar(50) DEFAULT NULL
) ENGINE=InnoDB DEFAULT CHARSET=utf8mb4;

--
-- Dumping data for table `lista`
--

INSERT INTO `lista` (`id`, `utente`, `nome`) VALUES
(0, 0, 'Da guardare'),
(1, 0, 'Visti'),
(2, 1, 'Da guardare'),
(3, 1, 'Visti');

-- --------------------------------------------------------

--
-- Table structure for table `lista_collezione`
--

CREATE TABLE `lista_collezione` (
  `lista` bigint(20) UNSIGNED NOT NULL,
  `collezione` int(10) UNSIGNED NOT NULL
) ENGINE=InnoDB DEFAULT CHARSET=utf8mb4;

-- --------------------------------------------------------

--
-- Table structure for table `lista_film`
--

CREATE TABLE `lista_film` (
  `lista` bigint(20) UNSIGNED NOT NULL,
  `film` bigint(20) UNSIGNED NOT NULL
) ENGINE=InnoDB DEFAULT CHARSET=utf8mb4;

-- --------------------------------------------------------

--
-- Table structure for table `paese`
--

CREATE TABLE `paese` (
  `iso_3166_1` char(2) NOT NULL,
  `nome` varchar(100) NOT NULL
) ENGINE=InnoDB DEFAULT CHARSET=utf8mb4;

--
-- Dumping data for table `paese`
--

INSERT INTO `paese` (`iso_3166_1`, `nome`) VALUES
('AC', 'Isola di Ascensione'),
('AD', 'Andorra'),
('AE', 'Emirati Arabi Uniti'),
('AF', 'Afghanistan'),
('AG', 'Antigua e Barbuda'),
('AI', 'Anguilla'),
('AL', 'Albania'),
('AM', 'Armenia'),
('AO', 'Angola'),
('AQ', 'Antartide'),
('AR', 'Argentina'),
('AS', 'Samoa Americane'),
('AT', 'Austria'),
('AU', 'Australia'),
('AW', 'Aruba'),
('AX', 'Isole Åland'),
('AZ', 'Azerbaigian'),
('BA', 'Bosnia ed Erzegovina'),
('BB', 'Barbados'),
('BD', 'Bangladesh'),
('BE', 'Belgio'),
('BF', 'Burkina Faso'),
('BG', 'Bulgaria'),
('BH', 'Bahrein'),
('BI', 'Burundi'),
('BJ', 'Benin'),
('BL', 'Saint-Barthélemy'),
('BM', 'Bermuda'),
('BN', 'Brunei'),
('BO', 'Bolivia'),
('BQ', 'Isole BES'),
('BR', 'Brasile'),
('BS', 'Bahamas'),
('BT', 'Bhutan'),
('BV', 'Isola Bouvet'),
('BW', 'Botswana'),
('BY', 'Bielorussia'),
('BZ', 'Belize'),
('CA', 'Canada'),
('CC', 'Isole Cocos (Keeling)'),
('CD', 'RD del Congo'),
('CF', 'Rep. Centrafricana'),
('CG', 'Rep. del Congo'),
('CH', 'Svizzera'),
('CI', 'Costa d\'Avorio'),
('CK', 'Isole Cook'),
('CL', 'Cile'),
('CM', 'Camerun'),
('CN', 'Cina'),
('CO', 'Colombia'),
('CP', 'Clipperton'),
('CR', 'Costa Rica'),
('CU', 'Cuba'),
('CV', 'Capo Verde'),
('CW', 'Curaçao'),
('CX', 'Isola di Natale'),
('CY', 'Cipro'),
('CZ', 'Rep. Ceca'),
('DE', 'Germania'),
('DG', 'Diego Garcia'),
('DJ', 'Gibuti'),
('DK', 'Danimarca'),
('DM', 'Dominica'),
('DO', 'Rep. Dominicana'),
('DZ', 'Algeria'),
('EA', 'Ceuta e Melilla'),
('EC', 'Ecuador'),
('EE', 'Estonia'),
('EG', 'Egitto'),
('EH', 'Sahara Occidentale'),
('ER', 'Eritrea'),
('ES', 'Spagna'),
('ET', 'Etiopia'),
('EU', 'Unione europea'),
('FI', 'Finlandia'),
('FJ', 'Figi'),
('FK', 'Isole Falkland'),
('FM', 'Micronesia'),
('FO', 'Fær Øer'),
('FR', 'Francia'),
('FX', 'Francia metropolitana'),
('GA', 'Gabon'),
('GB', 'Regno Unito'),
('GD', 'Grenada'),
('GE', 'Georgia'),
('GF', 'Guyana francese'),
('GG', 'Guernsey'),
('GH', 'Ghana'),
('GI', 'Gibilterra'),
('GL', 'Groenlandia'),
('GM', 'Gambia'),
('GN', 'Guinea'),
('GP', 'Guadalupa'),
('GQ', 'Guinea Equatoriale'),
('GR', 'Grecia'),
('GS', 'Georgia del Sud e Isole Sandwich Australi'),
('GT', 'Guatemala'),
('GU', 'Guam'),
('GW', 'Guinea-Bissau'),
('GY', 'Guyana'),
('HK', 'Hong Kong'),
('HM', 'Isole Heard e McDonald'),
('HN', 'Honduras'),
('HR', 'Croazia'),
('HT', 'Haiti'),
('HU', 'Ungheria'),
('IC', 'Isole Canarie'),
('ID', 'Indonesia'),
('IE', 'Irlanda'),
('IL', 'Israele'),
('IM', 'Isola di Man'),
('IN', 'India'),
('IO', 'Territorio britannico dell\'Oceano Indiano'),
('IQ', 'Iraq'),
('IR', 'Iran'),
('IS', 'Islanda'),
('IT', 'Italia'),
('JE', 'Jersey'),
('JM', 'Giamaica'),
('JO', 'Giordania'),
('JP', 'Giappone'),
('KE', 'Kenya'),
('KG', 'Kirghizistan'),
('KH', 'Cambogia'),
('KI', 'Kiribati'),
('KM', 'Comore'),
('KN', 'Saint Kitts e Nevis'),
('KP', 'Corea del Nord'),
('KR', 'Corea del Sud'),
('KW', 'Kuwait'),
('KY', 'Isole Cayman'),
('KZ', 'Kazakistan'),
('LA', 'Laos'),
('LB', 'Libano'),
('LC', 'Saint Lucia'),
('LI', 'Liechtenstein'),
('LK', 'Sri Lanka'),
('LR', 'Liberia'),
('LS', 'Lesotho'),
('LT', 'Lituania'),
('LU', 'Lussemburgo'),
('LV', 'Lettonia'),
('LY', 'Libia'),
('MA', 'Marocco'),
('MC', 'Monaco'),
('MD', 'Moldavia'),
('ME', 'Montenegro'),
('MF', 'Saint-Martin'),
('MG', 'Madagascar'),
('MH', 'Isole Marshall'),
('MK', 'Macedonia del Nord'),
('ML', 'Mali'),
('MM', 'Birmania'),
('MN', 'Mongolia'),
('MO', 'Macao'),
('MP', 'Isole Marianne Settentrionali'),
('MQ', 'Martinica'),
('MR', 'Mauritania'),
('MS', 'Montserrat'),
('MT', 'Malta'),
('MU', 'Mauritius'),
('MV', 'Maldive'),
('MW', 'Malawi'),
('MX', 'Messico'),
('MY', 'Malaysia'),
('MZ', 'Mozambico'),
('NA', 'Namibia'),
('NC', 'Nuova Caledonia'),
('NE', 'Niger'),
('NF', 'Isola Norfolk'),
('NG', 'Nigeria'),
('NI', 'Nicaragua'),
('NL', 'Paesi Bassi'),
('NO', 'Norvegia'),
('NP', 'Nepal'),
('NR', 'Nauru'),
('NU', 'Niue'),
('NZ', 'Nuova Zelanda'),
('OM', 'Oman'),
('PA', 'Panama'),
('PE', 'Perù'),
('PF', 'Polinesia francese'),
('PG', 'Papua Nuova Guinea'),
('PH', 'Filippine'),
('PK', 'Pakistan'),
('PL', 'Polonia'),
('PM', 'Saint-Pierre e Miquelon'),
('PN', 'Isole Pitcairn'),
('PR', 'Porto Rico'),
('PS', 'Palestina'),
('PT', 'Portogallo'),
('PW', 'Palau'),
('PY', 'Paraguay'),
('QA', 'Qatar'),
('RE', 'La Riunione'),
('RO', 'Romania'),
('RS', 'Serbia'),
('RU', 'Russia'),
('RW', 'Ruanda'),
('SA', 'Arabia Saudita'),
('SB', 'Isole Salomone'),
('SC', 'Seychelles'),
('SD', 'Sudan'),
('SE', 'Svezia'),
('SG', 'Singapore'),
('SH', 'Sant\'Elena, Ascensione e Tristan da Cunha'),
('SI', 'Slovenia'),
('SJ', 'Svalbard e Jan Mayen'),
('SK', 'Slovacchia'),
('SL', 'Sierra Leone'),
('SM', 'San Marino'),
('SN', 'Senegal'),
('SO', 'Somalia'),
('SR', 'Suriname'),
('SS', 'Sudan del Sud'),
('ST', 'São Tomé e Príncipe'),
('SU', 'Unione Sovietica'),
('SV', 'El Salvador'),
('SX', 'Sint Maarten'),
('SY', 'Siria'),
('SZ', 'eSwatini'),
('TA', 'Tristan da Cunha'),
('TC', 'Turks e Caicos'),
('TD', 'Ciad'),
('TF', 'Terre australi e antartiche francesi'),
('TG', 'Togo'),
('TH', 'Thailandia'),
('TJ', 'Tagikistan'),
('TK', 'Tokelau'),
('TL', 'Timor Est'),
('TM', 'Turkmenistan'),
('TN', 'Tunisia'),
('TO', 'Tonga'),
('TR', 'Turchia'),
('TT', 'Trinidad e Tobago'),
('TV', 'Tuvalu'),
('TW', 'Taiwan'),
('TZ', 'Tanzania'),
('UA', 'Ucraina'),
('UG', 'Uganda'),
('UM', 'Isole minori esterne degli Stati Uniti'),
('US', 'Stati Uniti'),
('UY', 'Uruguay'),
('UZ', 'Uzbekistan'),
('VA', 'Città del Vaticano'),
('VC', 'Saint Vincent e Grenadine'),
('VE', 'Venezuela'),
('VG', 'Isole Vergini britanniche'),
('VI', 'Isole Vergini americane'),
('VN', 'Vietnam'),
('VU', 'Vanuatu'),
('WF', 'Wallis e Futuna'),
('WS', 'Samoa'),
('YE', 'Yemen'),
('YT', 'Mayotte'),
('ZA', 'Sudafrica'),
('ZM', 'Zambia'),
('ZW', 'Zimbabwe');

-- --------------------------------------------------------

--
-- Table structure for table `persona`
--

CREATE TABLE `persona` (
  `id` int(10) UNSIGNED NOT NULL,
  `nome` varchar(50) NOT NULL,
  `gender` tinyint(3) UNSIGNED NOT NULL DEFAULT 0,
  `immagine` varchar(100) DEFAULT NULL,
  `data_nascita` date DEFAULT NULL,
  `data_morte` date DEFAULT NULL
) ENGINE=InnoDB DEFAULT CHARSET=utf8mb4;

--
-- Dumping data for table `persona`
--

INSERT INTO `persona` (`id`, `nome`, `gender`, `immagine`, `data_nascita`, `data_morte`) VALUES
(0, '[en]Hans Zimmer[/en]', 2, 'tpQnDeHY15szIXvpnhlprufz4d.jpg', '1957-09-12', NULL),
(1, '[en]Christopher Nolan[/en]', 2, 'xuAIuYSmsUzKlUMBFGVZaWsY3DZ.jpg', '1970-07-30', NULL),
(2, '[en]Emma Thomas[/en]', 1, '6GemtNCy856iLho6WRsFASxQTAp.jpg', '1971-12-09', NULL),
(3, '[ja]Kanjirô Sakura[/ja]', 0, NULL, NULL, NULL),
(4, '[en]Yoshikuni Taki[/en]', 0, NULL, NULL, NULL),
(5, '[en]Jonathan Nolan[/en]', 2, 'qd8d381vz2skpreY1BfVuSfLJts.jpg', '1976-06-06', NULL),
(6, '[en]Lynda Obst[/en]', 1, NULL, '1950-04-14', NULL),
(7, '[en]Charles Roven[/en]', 2, '4uJLoVstC1CBcArXFOe53N2fDr1.jpg', '1949-08-02', NULL),
(8, '[en]James Newton Howard[/en]', 2, 'qB4JgzCXCjr7NwW7UNrgBrWZDlo.jpg', '1951-06-09', NULL),
(9, '[en]Lorne Orleans[/en]', 0, NULL, NULL, NULL),
(10, '[en]Alan Silvestri[/en]', 2, 'pQOAsQDuYMR4cKaPAP0wkRlCSNo.jpg', '1950-03-26', NULL),
(11, '[en]Kevin Feige[/en]', 2, 'kCBqXZ5PT5udYGEj2wfTSFbLMvT.jpg', '1973-06-02', NULL),
(12, '[en]Anthony Russo[/en]', 2, 'xbINBnWn28YygYWUJ1aSAw0xPRv.jpg', '1970-02-03', NULL),
(13, '[en]Joe Russo[/en]', 2, 'ph1GRCWVKk6Mz9lMBrxKvlb6Imo.jpg', '1971-07-18', NULL),
(14, '[en]Chris Castaldi[/en]', 2, NULL, NULL, NULL),
(15, '[en]Art Linson[/en]', 2, 'gZbaXFTQCSWCq6vzE817NXIA4zC.jpg', NULL, NULL),
(16, '[en]David Fincher[/en]', 2, 'tpEczFclQZeKAiCeKZZ0adRvtfz.jpg', '1962-08-28', NULL),
(17, '[en]Ross Grayson Bell[/en]', 2, NULL, NULL, NULL),
(18, '[en]Ceán Chaffin[/en]', 1, NULL, '1957-06-26', NULL),
(19, '[en]John King[/en]', 2, NULL, NULL, NULL),
(20, '[en]Michael Simpson[/en]', 2, NULL, NULL, NULL),
(21, '[en]Quentin Tarantino[/en]', 2, '1gjcpAa99FAOWGnrUvHEXXsRs7o.jpg', '1963-03-27', NULL),
(22, '[en]Lawrence Bender[/en]', 2, 'mZRwkIvUj8USnS7Jfwd6VdHkY2x.jpg', '1957-10-17', NULL),
(23, '[en]Robert Zemeckis[/en]', 2, 'lPYDQ5LYNJ12rJZENtyASmVZ1Ql.jpg', '1951-05-14', NULL),
(24, '[en]Wendy Finerman[/en]', 1, NULL, '1961-08-02', NULL),
(25, '[en]Steve Tisch[/en]', 2, NULL, NULL, NULL),
(26, '[en]Steve Starkey[/en]', 2, '8YCSIPhLZ6HHbbypEFZY05B7l16.jpg', NULL, NULL),
(27, '[en]Stacey Sher[/en]', 1, 'khoGvyCVxvQ44wxHQY1lPQdnJK2.jpg', NULL, NULL),
(28, '[en]Reginald Hudlin[/en]', 2, '6dZrDasZcNMKYHcWJ3xxla4elZi.jpg', '1961-12-15', NULL),
(29, '[en]Pilar Savone[/en]', 1, NULL, NULL, NULL),
(30, '[en]Thomas Newman[/en]', 2, 'j8rIiOSdBjtDL5vji8m5BtChZou.jpg', '1955-10-20', NULL),
(31, '[en]Frank Darabont[/en]', 2, 'nvOqAQhKtXdHtczgqanoCfltsxJ.jpg', '1959-01-28', NULL),
(32, '[en]Niki Marvin[/en]', 0, NULL, NULL, NULL),
(33, '[en]Joel Silver[/en]', 2, '5YWxIdEql8yyGWIcF1X3QPQ40u6.jpg', '1952-07-14', NULL),
(34, '[en]Don Davis[/en]', 2, 'FUcQUEOFH18BqYAeIs8VFud1E4.jpg', '1957-02-04', NULL),
(35, '[en]Lilly Wachowski[/en]', 1, 'rCScAjSpeKA19BLNR07MqNNeeTT.jpg', '1967-12-29', NULL),
(36, '[en]Lana Wachowski[/en]', 1, '5KNV7YBSPTBUAIXGfIcPmbhho9w.jpg', '1965-06-21', NULL),
(37, '[en]Barrie M. Osborne[/en]', 2, 'xWtXYk6M5NFroddcQDviLlxOnkU.jpg', '1944-02-07', NULL),
(38, '[en]Howard Shore[/en]', 2, 'nJ606tXnL8vDVHi7qavrV292ljt.jpg', '1946-10-18', NULL),
(39, '[en]Peter Jackson[/en]', 2, '4hh7hips4xc6kgpNDQKQH3goRvJ.jpg', '1961-10-31', NULL),
(40, '[en]Fran Walsh[/en]', 1, 'roXPta5fAmGzqdOIvUQbDavZy8Y.jpg', '1959-01-10', NULL),
(41, '[en]Tim Sanders[/en]', 2, 'k9zjjCIsABi8pIJntkXAbhPjjQf.jpg', NULL, NULL),
(42, '[en]Scott Silver[/en]', 2, NULL, '1964-11-30', NULL),
(43, '[en]Emma Tillinger Koskoff[/en]', 1, 'bsKUYo9DyNYj4xB10182k7CZOQD.jpg', NULL, NULL),
(44, '[en]Bradley Cooper[/en]', 2, 'pLD2XvxqHueLWOuqXoFngJU3A5H.jpg', '1975-01-05', NULL),
(45, '[en]Todd Phillips[/en]', 2, 'A6FPht87DiqXzp456WjakLi2AtP.jpg', '1970-12-20', NULL),
(46, '[en]Hildur Guðnadóttir[/en]', 1, 'xkJTSLeYZkOqouzflrUNgLSC1lL.jpg', '1982-09-04', NULL),
(47, '[en]Martin Scorsese[/en]', 2, '9U9Y5GQuWX3EZy39B8nkk4NY01S.jpg', '1942-11-17', NULL),
(48, '[en]Mike Medavoy[/en]', 2, NULL, '1941-01-21', NULL),
(49, '[en]Arnold Messer[/en]', 2, NULL, NULL, NULL),
(50, '[en]Leonardo DiCaprio[/en]', 2, 'wo2hJpn04vbtmh0B9utCFdsQhxM.jpg', '1974-11-11', NULL),
(51, '[en]Riza Aziz[/en]', 0, NULL, NULL, NULL),
(52, '[en]Joey McFarland[/en]', 2, NULL, '1972-04-30', NULL),
(53, '[en]John Williams[/en]', 2, 'KFyMqUWeiBdP9tJcZyGWOqnrgK.jpg', '1932-02-08', NULL),
(54, '[en]Chris Columbus[/en]', 2, 'yCyEz90NqjEXKZ7HYcEhDXlLlPc.jpg', '1958-09-10', NULL),
(55, '[en]David Heyman[/en]', 2, 'm39R6xbVfHfCEO4H0s2Fhwh9mkt.jpg', '1961-07-26', NULL),
(56, '[en]Alfonso Cuarón[/en]', 2, 'gaHhrzPfxfc3cbQLkDt54gtP3n1.jpg', '1961-11-28', NULL),
(57, '[en]Mark Radcliffe[/en]', 2, '1jXjMIPGdcyTzGtVgGmlMIYMDnD.jpg', '1952-10-07', NULL),
(58, '[en]Arnold Kopelson[/en]', 2, NULL, '1935-02-14', '2018-10-08'),
(59, '[en]Andrew Kevin Walker[/en]', 2, 'kgMKoXmY8AiyHWpQInKoRInU10V.jpg', '1964-08-14', NULL),
(60, '[en]Phyllis Carlyle[/en]', 1, NULL, '1942-08-22', '2022-09-14'),
(61, '[en]Alexandre Desplat[/en]', 2, 'vPsv5UYNLrQkzjOvng1OAAYCTIz.jpg', '1961-08-23', NULL),
(62, '[en]J.K. Rowling[/en]', 1, '8VDx3K8NBGJDEWr4KdsGsuT8wuj.jpg', '1965-07-31', NULL),
(63, '[en]David Yates[/en]', 2, 'hAHOxR0NK4cZDumqNIpDoEdGVAh.jpg', '1963-10-08', NULL),
(64, '[en]David Barron[/en]', 2, 't0CsU1EUmmZDqCtvSS5p0IFAx6W.jpg', NULL, NULL),
(65, '[en]George Lucas[/en]', 2, 'WCSZzWdtPmdRxH9LUCVi2JPCSJ.jpg', '1944-05-14', NULL),
(66, '[en]Gary Kurtz[/en]', 2, 'q6tgPiNqzEOIYmHxMrpWoUirmmu.jpg', '1940-07-27', '2018-09-23'),
(67, '[en]Rick McCallum[/en]', 2, '4no2HrRZXX7kiAXEmiTKEzLKAJM.jpg', '1954-08-22', NULL),
(68, '[en]Bob Gale[/en]', 2, 'wZLj3qLrieFQzt49i981lMVijPm.jpg', '1951-05-25', NULL),
(69, '[en]Neil Canton[/en]', 2, 'gYfxHlG9RMusHFFi5gxYRm4VJrj.jpg', '1948-05-30', NULL),
(70, '[en]Francis Ford Coppola[/en]', 2, 'mGKkVp3l9cipPt10AqoQnwaPrfI.jpg', '1939-04-07', NULL),
(71, '[en]Albert S. Ruddy[/en]', 2, NULL, '1930-03-28', NULL),
(72, '[en]Nino Rota[/en]', 2, 'v42v3uM7jqwoZxDJ8MlEtT6Ol7a.jpg', '1911-12-03', '1979-04-10'),
(73, '[en]Lee Unkrich[/en]', 2, 'crb297utC6W4HSstOe5djDPTwEN.jpg', '1967-08-08', NULL),
(74, '[en]Darla K. Anderson[/en]', 1, 'j3u1xcRt3NzMQybuSbQ1BhHWUJs.jpg', '1968-10-22', NULL),
(75, '[en]Michael Giacchino[/en]', 2, '1zKiTAfMpc3I8oxdLahx3k6KOOV.jpg', '1967-10-10', NULL),
(76, '[en]Andrew Stanton[/en]', 2, 'gasNitCwepbqNcYBmDHpsCgZH0I.jpg', '1965-12-03', NULL),
(77, '[en]Jim Morris[/en]', 2, '5HFLUU1oz0cxG0iIrBl1H6CZcwX.jpg', NULL, NULL),
(78, '[en]Lindsey Collins[/en]', 1, 'j8GZqzfI8VvUDQLq2LT5zuLeaX7.jpg', NULL, NULL),
(79, '[en]Chris McKenna[/en]', 2, '4RSchBk98ZDBZgSnIbirVfwKn48.jpg', NULL, NULL),
(80, '[en]Jon Watts[/en]', 2, 'fkXChMX6CUXY1yOxBehAzvaTCl7.jpg', '1981-06-28', NULL),
(81, '[en]Erik Sommers[/en]', 2, NULL, '1976-12-16', NULL),
(82, '[en]Amy Pascal[/en]', 1, 'texxoBV4naFHyuSii6jyxlfuEvK.jpg', '1960-03-25', NULL),
(83, '[en]Roger Allers[/en]', 2, 'sdFyM5FNcJuMv7knrz6swaIHXIJ.jpg', '1949-06-29', NULL),
(84, '[en]Don Hahn[/en]', 2, 'rOUyA2JG3yN2Sh4ICZoGYShU5ox.jpg', '1955-11-26', NULL),
(85, '[en]Rob Minkoff[/en]', 2, 'fn5QA0bqJn6tk4Wt1QonjojFPjd.jpg', '1962-08-11', NULL),
(86, '[en]Ridley Scott[/en]', 2, 'zABJmN9opmqD4orWl3KSdCaSo7Q.jpg', '1937-11-30', NULL),
(87, '[en]David Franzoni[/en]', 2, 'uNDu3nnt5HCxuSxWAlDWrzQfWSz.jpg', '1947-03-04', NULL),
(88, '[en]Branko Lustig[/en]', 2, 'yHRAgKCRESvnLN72L32BUwXLHIT.jpg', '1932-06-10', '1919-11-14'),
(89, '[en]Douglas Wick[/en]', 2, NULL, NULL, NULL),
(90, '[en]Lisa Gerrard[/en]', 1, 'pJnB0SuB96d6ZLVfIm7rvbwnXuZ.jpg', '1961-04-12', NULL),
(91, '[en]Peter Weir[/en]', 2, '4GxIZX5gtbMpW4ZgHwvGmLSIHOE.jpg', '1944-08-21', NULL),
(92, '[en]Scott Rudin[/en]', 2, 'zIeKeFgBERBHmabgmqZFmgcxqvO.jpg', '1958-07-14', NULL),
(93, '[en]Andrew Niccol[/en]', 2, 'jTNhskoCvZsLqZwk5CFIrMpCftx.jpg', '1964-06-01', NULL),
(94, '[en]Edward S. Feldman[/en]', 2, NULL, NULL, NULL),
(95, '[en]Adam Schroeder[/en]', 2, NULL, NULL, NULL),
(96, '[en]Burkhard von Dallwitz[/en]', 0, NULL, NULL, NULL),
(97, '[en]Robert De Niro[/en]', 2, 'cT8htcckIuyI1Lqwt1CvD02ynTh.jpg', '1943-08-17', NULL),
(98, '[en]Bryan Singer[/en]', 2, 'ts06thbCv9Ug2mNpcbcrmLGRL4Q.jpg', '1965-09-17', NULL),
(99, '[en]John Ottman[/en]', 2, 'ylFrZUOMYpFnKqFT93U4PDeDqUH.jpg', '1964-07-06', NULL),
(100, '[en]Graham King[/en]', 2, NULL, '1961-12-19', NULL),
(101, '[en]Roger Taylor[/en]', 2, '3RK6HF5pPgpOMDLzxkKhptjlJzv.jpg', '1949-07-26', NULL),
(102, '[en]Jim Beach[/en]', 2, NULL, '1942-03-09', NULL),
(103, '[en]Brian May[/en]', 2, 'dcSrV82AWt21t6XNa5UsYGeBzqx.jpg', '1947-07-19', NULL),
(104, '[en]Anthony McCarten[/en]', 2, 'sFiLWfBL5TIDc20De856Ww1NWIY.jpg', '1961-04-28', NULL),
(105, '[en]Peter Oberth[/en]', 0, NULL, NULL, NULL),
(106, '[en]Ludovico Einaudi[/en]', 2, 'e0XPd7u1aVKRKUjikSYJPmrw9wk.jpg', '1965-11-23', NULL),
(107, '[en]Éric Toledano[/en]', 2, '9axN13gdsRpQLKqmvibsc9jqK2q.jpg', '1971-07-03', NULL),
(108, '[en]Olivier Nakache[/en]', 2, 'cLfpk5eIT8h7NnZcz6Iti3DPkRu.jpg', '1973-04-15', NULL),
(109, '[en]Nicolas Duval-Adassovsky[/en]', 2, 'xtkq69lpihBu20o6kBBATE11LNx.jpg', '1958-01-26', NULL),
(110, '[en]Laurent Zeitoun[/en]', 2, '95H3PbXRl9zBxOQjXihQGixsLgZ.jpg', '1973-06-16', NULL),
(111, '[en]Yann Zenou[/en]', 2, 'vQkqXwNp1mg8SY0cWp52FWBdbup.jpg', '1974-10-28', NULL),
(112, '[en]Morten Tyldum[/en]', 2, 'uVoK0gK1SwGVgPvlgKwct0Hl8pG.jpg', '1967-05-19', NULL),
(113, '[en]Teddy Schwarzman[/en]', 2, NULL, '1979-05-29', NULL),
(114, '[en]Nora Grossman[/en]', 0, NULL, NULL, NULL),
(115, '[en]Ido Ostrowsky[/en]', 0, NULL, NULL, NULL),
(116, '[en]Stanley Kubrick[/en]', 2, 'yFT0VyIelI9aegZrsAwOG5iVP4v.jpg', '1928-07-26', '1999-03-07'),
(117, '[en]Wendy Carlos[/en]', 1, 'dgLL2IzOp8Qb6V5ZtMeaQ3NAkzb.jpg', '1939-11-14', NULL),
(118, '[en]Rachel Elkind[/en]', 1, NULL, NULL, NULL),
(119, '[en]Bong Joon-ho[/en]', 2, 'tKLJBqbdH6HFj2QxLA5o8Zk7IVs.jpg', '1969-09-14', NULL),
(120, '[en]Moon Yang-kwon[/en]', 0, NULL, NULL, NULL),
(121, '[en]Jung Jae-il[/en]', 2, 'a1q0hsgTTUJwaq0T3W02mi1b6Q6.jpg', '1982-05-07', NULL),
(122, '[en]Jang Young-hwan[/en]', 0, '9QBM78rW6E7DPHmnVFGLMgMHoyl.jpg', NULL, NULL),
(123, '[en]Kwak Sin-ae[/en]', 1, 'nYtE4abLF1cfaa6D1U37fw3mISC.jpg', '1968-10-23', NULL),
(124, '[en]Howard G. Kazanjian[/en]', 2, 'xoCVJOtHxV38BYEzX49JHrEpZNd.jpg', '1942-07-26', NULL),
(125, '[en]Irvin Kershner[/en]', 2, 'imtFUtcASoh2e1Emtt62UuFkIWA.jpg', '1923-04-29', '2010-11-27'),
(126, '[en]David Valdes[/en]', 2, '4gbCUGBWd4WeRsu9DeknpJUMlvz.jpg', '1950-08-12', NULL),
(127, '[en]Jonathan Demme[/en]', 2, 'w9Lw3xTEFQUYELkl9AH5i3p5OhJ.jpg', '1944-02-22', '2017-04-26'),
(128, '[en]Ronald M. Bozman[/en]', 2, NULL, NULL, NULL),
(129, '[en]Edward Saxon[/en]', 2, 'AdlBT3K169zQiZygXv0dkJmzczO.jpg', NULL, NULL),
(130, '[en]Kenneth Utt[/en]', 2, 'aRYXUGXoIhSuBXM0SyaPzZynNgt.jpg', '1921-07-13', '1994-01-19'),
(131, '[en]Gary Levinsohn[/en]', 2, NULL, '1959-01-01', NULL),
(132, '[en]Steven Spielberg[/en]', 2, 'tZxcg19YQ3e8fJ0pOs7hjlnmmr6.jpg', '1946-12-18', NULL),
(133, '[en]Mark Gordon[/en]', 2, 'lATsud5NyaXaKE5p8H1kEkUsbWN.jpg', '1956-10-10', NULL),
(134, '[en]Ian Bryce[/en]', 2, 'hl20H0bnnBr8MG1ea52RqWBH6Iu.jpg', NULL, NULL),
(135, '[en]Aaron Ryder[/en]', 2, '99h25GpE20U9SN8sfRBo8PVM50x.jpg', NULL, NULL),
(136, '[en]David Julyan[/en]', 2, NULL, NULL, NULL),
(137, '[en]Hayao Miyazaki[/en]', 2, 'mG3cfxtA5jqDc7fpKgyzZMKoXDh.jpg', '1941-01-05', NULL),
(138, '[en]Joe Hisaishi[/en]', 2, 'jIrjfygShEvsDL9gTkyP4y1k6bm.jpg', '1950-12-06', NULL),
(139, '[en]Toshio Suzuki[/en]', 2, 'h8KzdSl5kIHgXputSBhxDZ1CA1g.jpg', '1948-08-19', NULL),
(140, '[en]Gerald R. Molen[/en]', 2, 'm1C2E9MWClm3ITzxQzUxmE1qphL.jpg', '1935-01-06', NULL),
(141, '[en]Brad Pitt[/en]', 2, 'oTB9vGIBacH5aQNS0pUM74QSWuf.jpg', '1963-12-18', NULL),
(142, '[en]Brad Grey[/en]', 2, NULL, '1957-12-29', '2017-05-14'),
(143, '[en]Wes Anderson[/en]', 2, '5z2WroP0CgQ5vI17M0hzi8o5NAn.jpg', '1969-05-01', NULL),
(144, '[en]Jeremy Dawson[/en]', 0, 'o1e41QQ7fFFlUmi54tYK9PbKzzg.jpg', NULL, NULL),
(145, '[en]Steven M. Rales[/en]', 2, '6F1o3a6Xdu3fRMdAmuiTuz2hFw6.jpg', '1951-03-31', NULL),
(146, '[en]Michel Gondry[/en]', 2, '1IAnVsl8JgHpUirBXpsbLlWyS1y.jpg', '1963-05-08', NULL),
(147, '[en]Jon Brion[/en]', 2, 'tw2u1ddRCCtyF4eEB5tttcGlCVB.jpg', '1963-12-11', NULL),
(148, '[en]Anthony Bregman[/en]', 2, '5lshuxkeJHMkzzNQKsZKpfGRZQY.jpg', NULL, NULL),
(149, '[en]Steve Golin[/en]', 2, NULL, '1955-03-06', '2019-04-21'),
(150, '[en]Jennifer Todd[/en]', 1, 'aIecrmmYpqnyCWQArAueqD60qok.jpg', '1969-10-03', NULL),
(151, '[en]Suzanne Todd[/en]', 1, 'fRTQ9QFeeTBUqLoyCFlaS8pTGUK.jpg', NULL, NULL),
(152, '[en]David Lancaster[/en]', 2, 'bBTYGOWuF3WJBgiqVSpNBuL9qlg.jpg', NULL, NULL),
(153, '[en]Michel Litvak[/en]', 0, NULL, NULL, NULL),
(154, '[en]Jason Blum[/en]', 2, '9tm1oUdA6HOUaaS4bwWI2ihmBVt.jpg', '1969-02-20', NULL),
(155, '[en]Damien Chazelle[/en]', 2, '14kRZ3XxNMyBv717YQSXr3wCucy.jpg', '1985-01-19', NULL),
(156, '[en]Helen Estabrook[/en]', 1, 'gudRZd8fTL1ytvQQLb6zD2Lz12Q.jpg', NULL, NULL),
(157, '[en]Justin Hurwitz[/en]', 2, '4a03MPhWE8u0NGJF9wt0wbBcFWn.jpg', '1985-01-22', NULL),
(158, '[en]Luc Besson[/en]', 2, 'p7QoPAMP6wfkgcwELkM5VtdGYHU.jpg', '1959-03-18', NULL),
(159, '[en]Patrice Ledoux[/en]', 2, 'j4agVLTxNkSp5ii9yvXQbnfSvuS.jpg', '1953-01-01', NULL),
(160, '[en]Éric Serra[/en]', 2, 'kgp3ZnA6t4fijkQDqLwodR0JvO7.jpg', '1959-09-09', NULL),
(161, '[en]Roger Avary[/en]', 2, 'eq810bljrpQ0FB0SUmUTGyxqFv6.jpg', '1965-08-23', NULL),
(162, '[en]David Giler[/en]', 2, NULL, NULL, NULL),
(163, '[en]Walter Hill[/en]', 2, '3CiICrmhaYnirmOMHEaFXYTbsnT.jpg', '1942-01-10', NULL),
(164, '[en]Jerry Goldsmith[/en]', 2, 'uf7jSAculrBbEwdWWAPu6Rs9bXz.jpg', '1929-02-10', '2004-07-21'),
(165, '[en]Gordon Carroll[/en]', 2, NULL, '1928-02-02', '2005-09-20'),
(166, '[en]Avi Arad[/en]', 2, 'zFNtix6jjAfjKeE687w1VgU4H1T.jpg', '1948-08-01', NULL),
(167, '[en]Christina Steinberg[/en]', 1, NULL, NULL, NULL),
(168, '[en]Rodney Rothman[/en]', 2, '75yKuJr1wL8qesEDYL2IHK67BEx.jpg', NULL, NULL),
(169, '[en]Phil Lord[/en]', 2, 'yGLAUCnWwB0cQM0Ivb5FKzv3tr4.jpg', '1975-07-12', NULL),
(170, '[en]Peter Ramsey[/en]', 2, '9vCpMCgf5R0EQkWbylKTvtxzsB.jpg', NULL, NULL),
(171, '[en]Christopher Miller[/en]', 2, '3C8Ht6SVxz5HJ0kTEy2Fp5yuZnP.jpg', '1975-09-23', NULL),
(172, '[en]Daniel Pemberton[/en]', 2, 'wRQfyEeL0oa3mvR4Hkm6sZ2R1Jc.jpg', '1977-11-03', NULL),
(173, '[en]Bob Persichetti[/en]', 2, 'e8ezXe2id6TRTxDsL9lTpw4pM93.jpg', '1973-01-17', NULL),
(174, '[en]Mel Gibson[/en]', 2, 'oSOYCghY3XcXBYqMA0fsEi8WKaa.jpg', '1956-01-03', NULL),
(175, '[en]Bruce Davey[/en]', 2, NULL, NULL, NULL),
(176, '[en]Rupert Gregson-Williams[/en]', 2, '6qr9v5tsFrZtAA8EUfO1XQtUHhB.jpg', '1967-02-21', NULL),
(177, '[en]David Permut[/en]', 2, NULL, '1954-03-23', NULL),
(178, '[en]Brian Oliver[/en]', 2, 'jjRoepjAT6nDzNEglANnM9ppPxa.jpg', '1971-01-29', NULL),
(179, '[en]Bill Mechanic[/en]', 2, NULL, '1950-05-12', NULL),
(180, '[en]Terry Benedict[/en]', 0, NULL, NULL, NULL),
(181, '[en]William D. Johnson[/en]', 0, NULL, NULL, NULL),
(182, '[en]Paul Currie[/en]', 0, NULL, NULL, NULL),
(183, '[en]Roberto Benigni[/en]', 2, 'noelOhwX1oaNSvU9NLKhPrHTFI3.jpg', '1952-10-27', NULL),
(184, '[en]Gianluigi Braschi[/en]', 0, NULL, NULL, NULL),
(185, '[en]Elda Ferri[/en]', 0, NULL, NULL, NULL),
(186, '[en]Nicola Piovani[/en]', 2, '56tRfEIn4RBPhjJ7JOGCOtTZApU.jpg', '1946-05-26', NULL),
(187, '[en]James Cameron[/en]', 2, '9NAZnTjBQ9WcXAQEzZpKy4vdQto.jpg', '1954-08-16', NULL),
(188, '[en]William Wisher[/en]', 2, 'tcSuYg13SNk5TRkJdV1K1s8D8Jr.jpg', '1958-09-01', NULL),
(189, '[en]Brad Fiedel[/en]', 2, 'u7nKFeDaMAdrr1X3lJ3cCyrAECh.jpg', '1951-03-10', NULL),
(190, '[en]Irwin Winkler[/en]', 2, 'eUDvzwxbcMbTcPnSmRfnL1ORZrK.jpg', '1931-05-28', NULL),
(191, '[en]James Ivory[/en]', 2, 'd3ic5H6tNQUfheDHd8f9IN3Ae7p.jpg', '1928-06-07', NULL),
(192, '[en]Howard Rosenman[/en]', 2, '59OuFEtzXUuBKBiZic1dHqORgSB.jpg', '1945-02-01', NULL),
(193, '[en]Luca Guadagnino[/en]', 2, 'lO2GD4s6fRloZLEhsZgBlhJQasE.jpg', '1971-08-10', NULL),
(194, '[en]Peter Spears[/en]', 2, 'cqIny1kCbROQkDjorjuw2Q9aQoL.jpg', '1965-11-29', NULL),
(195, '[en]Marco Morabito[/en]', 0, 'gLQusGPXo5gYmZlpQPxXCYRu1Xx.jpg', NULL, NULL),
(196, '[en]Emilie Georges[/en]', 0, 't0nisQcqvGR9LvTY4PWwZZj6UcJ.jpg', NULL, NULL),
(197, '[en]Sufjan Stevens[/en]', 2, 'bVILm01nUKB5Oa14YPHFKJNcsbw.jpg', '1975-07-01', NULL),
(198, '[en]Rodrigo Teixeira[/en]', 2, 'jCI3zbBuNV6aaR8KxLvYniNS8rg.jpg', NULL, NULL),
(199, '[en]Sam Mendes[/en]', 2, '5z89X9rB76JDblqMQ52fviwXxAN.jpg', '1965-08-01', NULL),
(200, '[en]Bruce Cohen[/en]', 2, NULL, NULL, NULL),
(201, '[en]Dan Jinks[/en]', 2, NULL, NULL, NULL),
(202, '[en]Gray Frederickson[/en]', 2, NULL, NULL, NULL),
(203, '[en]Fred Roos[/en]', 2, 'qfXLY5E589l0TQnoayWmUrBDsgo.jpg', '1934-05-22', NULL),
(204, '[en]Mona Skager[/en]', 0, NULL, NULL, NULL),
(205, '[en]Carmine Coppola[/en]', 2, 'iURpKXIgdtQoVCBQ8GKGvb0Qw5z.jpg', '1910-06-11', '1991-06-26'),
(206, '[en]Ben Affleck[/en]', 2, 'aTcqu8cI4wMohU17xTdqmXKTGrw.jpg', '1972-08-15', NULL),
(207, '[en]Matt Damon[/en]', 2, 'At3JgvaNeEN4Z4ESKlhhes85Xo3.jpg', '1970-10-08', NULL),
(208, '[en]Gus Van Sant[/en]', 2, 'kICHgrSh4eiICjz8piy9fTXIgph.jpg', '1952-07-24', NULL),
(209, '[en]Bernard Herrmann[/en]', 2, 'vpIPFhUpHBqDrbgbnaQnDCYekDI.jpg', '1911-06-29', '1975-12-24'),
(210, '[en]Julia Phillips[/en]', 1, NULL, '1944-04-07', '2002-01-01'),
(211, '[en]Michael Phillips[/en]', 2, NULL, NULL, NULL),
(212, '[en]Tony Kaye[/en]', 2, '5FMrsJ6yDbA3JccaFAKpGk5s6MR.jpg', '1946-01-11', NULL),
(213, '[en]John Morrissey[/en]', 2, 'kmwQgmYFjmMjWfHVaKvqftYwofF.jpg', NULL, NULL),
(214, '[en]Anne Dudley[/en]', 1, '2uOcB8lvx3pxfjACFoOXLSGjK1y.jpg', '1956-05-07', NULL),
(215, '[en]Brian De Palma[/en]', 2, '57sJhqM6Sp6WKL3nkA89yZg83bv.jpg', '1940-09-11', NULL),
(216, '[en]Martin Bregman[/en]', 2, NULL, '1925-05-18', NULL),
(217, '[en]Giorgio Moroder[/en]', 2, '7HI0Hg2C4KYNe92Op4PmyrEYEuJ.jpg', '1940-04-26', NULL),
(218, '[en]Broderick Johnson[/en]', 2, '3RDQqTgI4RXk6kSwCgXrB3noXRu.jpg', NULL, NULL),
(219, '[en]Andrew A. Kosove[/en]', 2, NULL, NULL, NULL),
(220, '[en]Kira Davis[/en]', 0, NULL, NULL, NULL),
(221, '[en]Jóhann Jóhannsson[/en]', 2, '2bEqCR5gyWDjlmMznByzvB7rkaQ.jpg', '1969-09-19', '2018-02-09'),
(222, '[en]Denis Villeneuve[/en]', 2, 'zdDx9Xs93UIrJFWYApYR28J8M6b.jpg', '1967-10-03', NULL),
(223, '[en]Aaron Guzikowski[/en]', 2, 'vATRXrjEzV1QkDl3ppVG1kzJlRl.jpg', '1974-01-29', NULL),
(224, '[en]Adam Kolbrenner[/en]', 2, NULL, NULL, NULL),
(225, '[en]Victor Lyndon[/en]', 0, NULL, '1918-12-19', '1996-09-01'),
(226, '[en]Peter Farrelly[/en]', 2, '3PDYOFfk5NLmNcEz6SFZmdmqVZr.jpg', '1956-12-17', NULL),
(227, '[en]Charles B. Wessler[/en]', 2, NULL, NULL, NULL),
(228, '[en]Jim Burke[/en]', 2, 'z1u9hHQxdJXrYsXSRzqiw6Pmf9K.jpg', NULL, NULL),
(229, '[en]Nick Vallelonga[/en]', 2, 'h0GwAHN1J5lDysqgWxMIg66LNBW.jpg', '1959-09-13', NULL),
(230, '[en]Brian Hayes Currie[/en]', 2, 'fZ7wnZvxVKIoYCsHYUIgmkfQwk.jpg', NULL, NULL),
(231, '[en]Kris Bowers[/en]', 2, NULL, '1989-04-05', NULL),
(232, '[en]Tom Schulman[/en]', 2, 'owgOiCl85ZSEVmJ4sr7tDAo9vto.jpg', '1950-10-20', NULL),
(233, '[en]Maurice Jarre[/en]', 2, '44sZGwLqOKdHIkP3Mbz4ArXHT3w.jpg', '1924-09-13', '2009-03-29'),
(234, '[en]Steven Haft[/en]', 2, NULL, NULL, NULL),
(235, '[en]Paul Junger Witt[/en]', 2, '1aKgavN6FLH7QbfIBn9KH1nfa0F.jpg', '1943-03-20', '2018-04-27'),
(236, '[en]Tony Thomas[/en]', 2, NULL, '1948-12-07', NULL),
(237, '[en]Clint Eastwood[/en]', 2, 'dU35NnjZ4aGw5abIJe3WXVf3Eey.jpg', '1930-05-31', NULL),
(238, '[en]Robert Lorenz[/en]', 2, 'rzScPaVbrCTFk9KmKYrP274icJr.jpg', '1965-04-01', NULL),
(239, '[en]Kyle Eastwood[/en]', 2, 'no2TuwiRS6tgcpg61wGS4ndttFn.jpg', '1968-05-19', NULL),
(240, '[en]Michael Stevens[/en]', 0, NULL, NULL, NULL),
(241, '[en]Bill Gerber[/en]', 2, NULL, NULL, NULL),
(242, '[en]Makoto Shinkai[/en]', 2, 'mSCk6PmAR99bCsKJYlMx94vq5qe.jpg', '1973-02-09', NULL),
(243, '[en]Genki Kawamura[/en]', 2, 'lYiWJdjiib6b6uhiPfX9eU0bOGX.jpg', '1979-03-12', NULL),
(244, '[en]Yojiro Noda[/en]', 2, 'a7A6y9fMdSyiMPli7WuvPNZlGvb.jpg', '1985-07-05', NULL),
(245, '[en]Katsuhiro Takei[/en]', 2, '8x2aVss0atoUlH0ID3Oboro6Mhd.jpg', NULL, NULL),
(246, '[en]Koichiro Ito[/en]', 2, NULL, NULL, NULL),
(247, '[en]Natsuko Makino[/en]', 0, NULL, NULL, NULL),
(248, '[en]Jiro Murayama[/en]', 0, NULL, NULL, NULL),
(249, '[en]Uni Pex[/en]', 0, NULL, NULL, NULL),
(250, '[en]Takahito Sakurai[/en]', 0, NULL, NULL, NULL),
(251, '[en]Saul Zaentz[/en]', 2, NULL, '1921-02-28', '2014-01-03'),
(252, '[en]Michael Douglas[/en]', 2, 'a9Wv46dztngtJrqbHJ7eGrvgWc6.jpg', '1944-09-25', NULL),
(253, '[en]Miloš Forman[/en]', 2, 'O2Crxh0l3u1mxHvjA6003gEpi7.jpg', '1932-02-18', '2018-04-13'),
(254, '[en]Jack Nitzsche[/en]', 2, NULL, '1937-04-22', '2000-08-25'),
(255, '[en]Christopher McQuarrie[/en]', 2, '82W339V8turXUdaCajqOyekxhmD.jpg', '1968-10-25', NULL),
(256, '[en]Michael McDonnell[/en]', 2, NULL, NULL, NULL),
(257, '[en]Vivian Kubrick[/en]', 1, 'abkr2zJWKURpfzsBJDGeYZZaAXt.jpg', '1960-08-05', NULL),
(258, '[en]Carter Burwell[/en]', 2, 'v1SgCqg3SXnBs1ZXoxPQQiGpAMX.jpg', '1955-11-18', NULL),
(259, '[en]Graham Broadbent[/en]', 2, 'uA3GrN42Crz5f9TBAKffDdPUuEa.jpg', NULL, NULL),
(260, '[en]Martin McDonagh[/en]', 2, 'pyDaAVKa8akTLHXzeTyF8oGymXN.jpg', '1970-03-26', NULL),
(261, '[en]Peter Czernin[/en]', 2, NULL, NULL, NULL),
(262, '[en]Trent Reznor[/en]', 2, 'gzvgK9ydCfW5Sh9tsEeYcYCnxrh.jpg', '1965-05-17', NULL),
(263, '[en]Pete Docter[/en]', 2, 'rrAW10FlcOjqMllSwNBrFjfUT4k.jpg', '1968-10-09', NULL),
(264, '[en]Atticus Ross[/en]', 2, 'fl1OB80yzwWviIowBCH6MinlTHI.jpg', '1968-01-16', NULL),
(265, '[en]Jon Batiste[/en]', 2, 'bhojgT0mLgcqTC9jvnRrk5gGy1v.jpg', '1986-11-11', NULL),
(266, '[en]Dana Murray[/en]', 0, NULL, NULL, NULL),
(267, '[en]Alfred Hitchcock[/en]', 2, '108fiNM6poRieMg7RIqLJRxdAwG.jpg', '1899-08-13', '1980-04-29'),
(268, '[en]Clint Mansell[/en]', 2, '7YOddXdlEyHF5CXk6X9cBWzRfGg.jpg', '1963-01-07', NULL),
(269, '[en]Darren Aronofsky[/en]', 2, 'sjcLM5iuF9ArlU4iv532tjmFmYN.jpg', '1969-02-12', NULL),
(270, '[en]Eric Watson[/en]', 2, NULL, NULL, NULL),
(271, '[en]Palmer West[/en]', 0, NULL, NULL, NULL),
(272, '[en]Zack Snyder[/en]', 2, 'iD0GDqkvJXDXiNEZej198hjt3Tt.jpg', '1966-03-01', NULL),
(273, '[en]Junkie XL[/en]', 2, 'oRxT9sySUewNqcfmLT8OC9ffytx.jpg', '1967-12-08', NULL),
(274, '[en]Deborah Snyder[/en]', 1, 'iu3gfcEqJY47Ab111XSoX1U18EW.jpg', '1963-03-13', NULL),
(275, '[en]Ed Guiney[/en]', 2, 'xKd1zi0CQVXzfXT6B19686QE8PB.jpg', NULL, NULL),
(276, '[en]Lenny Abrahamson[/en]', 2, 'tQYjfuxoZW9JrMqdiIdZMc9OEnR.jpg', '1966-11-30', NULL),
(277, '[en]Stephen Rennicks[/en]', 2, NULL, '1972-01-01', NULL),
(278, '[en]David Gross[/en]', 0, NULL, NULL, NULL),
(279, '[en]Benjamin Wallfisch[/en]', 2, 'dWcshjk0OUi3stGFFrwZIsYKZfQ.jpg', '1979-01-01', NULL),
(280, '[en]Donna Gigliotti[/en]', 1, NULL, '1955-01-01', NULL),
(281, '[en]Jenno Topping[/en]', 1, 'tOti87QZZwyBp1iujzPTib9AwuU.jpg', NULL, NULL),
(282, '[en]Peter Chernin[/en]', 2, '6c7tilaP8n2bYJB0H6BZyEkd64k.jpg', '1951-05-29', NULL),
(283, '[en]Pharrell Williams[/en]', 2, 'vbgFf9k1VE0WLWqQFOQ2nohJlLz.jpg', '1973-04-05', NULL),
(284, '[en]Theodore Melfi[/en]', 2, 'hn2z28ofSNRxx4UTo6qOqzYCx0u.jpg', NULL, NULL),
(285, '[en]Taika Waititi[/en]', 2, 'aH6MgwFhomAPNBRPyO2fhpU5kbk.jpg', '1975-08-16', NULL),
(286, '[en]Chelsea Winstanley[/en]', 0, NULL, NULL, NULL),
(287, '[en]Carthew Neal[/en]', 0, NULL, NULL, NULL),
(288, '[en]Rick Dempsey[/en]', 0, NULL, NULL, NULL),
(289, '[en]Ned Lott[/en]', 0, NULL, NULL, NULL),
(290, '[en]Tomohiko Ishii[/en]', 2, 'v10jSYKmsTDkxX7pEg2khLpl2LR.jpg', NULL, NULL),
(291, '[en]Glenn Close[/en]', 1, '4VHZ1GfLwN7MUgApy0LCBzdDF9L.jpg', '1947-03-19', NULL),
(292, '[en]Marc Platt[/en]', 2, '1V51JQqDdoXnC4LElFfSPSjYGfY.jpg', '1957-04-14', NULL),
(293, '[en]Craig Gillespie[/en]', 2, 'pVHspL9QWsXCm3t3VXEaCJ9y8Zz.jpg', '1967-09-01', NULL),
(294, '[en]Andrew Gunn[/en]', 2, NULL, NULL, NULL),
(295, '[en]Nicholas Britell[/en]', 2, '6xbBWMcup9MQlkdNvbsA4bhzYVp.jpg', '1980-10-17', NULL),
(296, '[en]Kristin Burr[/en]', 0, NULL, NULL, NULL),
(297, '[en]Jared leboff[/en]', 0, NULL, NULL, NULL),
(298, '[en]Wojciech Kilar[/en]', 2, 'cYhKap8Z8WAo4eXJozBpsZBzxrL.jpg', '1932-07-17', '2013-12-29'),
(299, '[en]Roman Polanski[/en]', 2, '5Kks5RMO2az5YOcFJjYXiDt4qH1.jpg', '1933-08-18', NULL),
(300, '[en]Robert Benmussa[/en]', 2, '4Di7S77zKNQikEB4ccGH0zMRIc6.jpg', '1953-01-01', NULL),
(301, '[en]Alain Sarde[/en]', 2, 'sqvSV5DgIIMJ7sTEiHiA9FE6EJM.jpg', '1952-03-28', NULL),
(302, '[en]Stephen Chbosky[/en]', 2, '9PdTBjn8dJqfn3ygKvsCdl9G06J.jpg', '1970-01-25', NULL),
(303, '[en]David Hoberman[/en]', 2, NULL, NULL, NULL),
(304, '[en]Marcelo Zarvos[/en]', 2, NULL, '1969-01-01', NULL),
(305, '[en]Todd Lieberman[/en]', 2, NULL, NULL, NULL),
(306, '[en]Park Chan-wook[/en]', 2, 'jsSFCVB7MhuVbSLwTgESiXEiNjt.jpg', '1963-08-23', NULL),
(307, '[en]Syd Lim[/en]', 2, 'vOOJLMDOQSeRrY4eaF1YTXobjb3.jpg', '1970-10-20', NULL),
(308, '[en]Choi Seung-hyun[/en]', 0, NULL, NULL, NULL),
(309, '[en]Cho Young-wuk[/en]', 2, 'x2L4b4FjEPoPq2lLOeV9EaSHM4z.jpg', '1962-01-01', NULL),
(310, '[en]Shim Hyun-jung[/en]', 1, NULL, NULL, NULL),
(311, '[en]Lee Ji-soo[/en]', 0, NULL, NULL, NULL),
(312, '[en]Ennio Morricone[/en]', 2, 'avjgzi45bdXgC1AtyNsRc5nxtFM.jpg', '1928-11-10', '2020-07-06'),
(313, '[en]Sergio Leone[/en]', 2, '2576qoW8l9Z1nKGM10ar60aIwUu.jpg', '1929-01-03', '1989-04-30'),
(314, '[en]Alberto Grimaldi[/en]', 2, 'pnASo0rcU50WmOhzY9SceWf0KDO.jpg', '1925-03-28', '2021-01-23'),
(315, '[en]John Milius[/en]', 2, 'Aj1eweha4qvMJ1aIuSa24shcvWc.jpg', '1944-04-11', NULL),
(316, '[en]Michael Herr[/en]', 2, NULL, NULL, NULL),
(317, '[en]Henry Fonda[/en]', 2, '6wXWsqSXF3wCsGcwVqiszy6RX9X.jpg', '1905-05-16', '1982-08-12'),
(318, '[en]Sidney Lumet[/en]', 2, 'zuYwoP6mTEAJu9pTZ7u3NKP67gu.jpg', '1924-06-25', '2011-04-09'),
(319, '[en]Reginald Rose[/en]', 2, 'qscQc09Nh6fTfenlwl2pNvnD2MQ.jpg', '1920-12-10', '2002-04-19'),
(320, '[en]Kenyon Hopkins[/en]', 2, NULL, '1912-01-15', '1983-04-07'),
(321, '[en]Tim Bevan[/en]', 2, 'nyeqZJr6QVwD3iuLgK5vRgIdcmP.jpg', '1957-12-20', NULL),
(322, '[en]Eric Fellner[/en]', 2, '8fEalki5uMWg97FVDk3l2kvf2Dt.jpg', '1959-10-10', NULL),
(323, '[en]Dario Marianelli[/en]', 2, 'iFcJpGCVu9pkzzr70JTiDOw4c4c.jpg', '1963-06-21', NULL),
(324, '[en]Paul Webster[/en]', 2, 'fze6uF1oCdDYJFA5tbVhKX9nwW3.jpg', '1952-07-19', NULL),
(325, '[en]Joe Wright[/en]', 2, '1qA8HudSIwIr7ZdxwfQAgubsDO.jpg', '1972-08-25', NULL),
(326, '[en]Michael Barnathan[/en]', 2, NULL, '1958-01-01', NULL),
(327, '[en]Tate Taylor[/en]', 2, 'zJaLbNHLoQMhCAeJhn1J1B0xrup.jpg', '1969-06-03', NULL),
(328, '[en]Brunson Green[/en]', 0, NULL, NULL, NULL),
(329, '[en]Tooru Hara[/en]', 2, NULL, '1935-12-26', NULL),
(330, '[en]James Mangold[/en]', 2, 'pk0GDjn99crNwR4qgCCEokDYd71.jpg', '1963-12-16', NULL),
(331, '[en]Marco Beltrami[/en]', 2, 'fb3TfFITlOC0BN3kNpUXj1FL0LN.jpg', '1966-10-07', NULL),
(332, '[en]Jason Keller[/en]', 2, NULL, NULL, NULL),
(333, '[en]Andrea Barata Ribeiro[/en]', 1, NULL, NULL, NULL),
(334, '[en]Mauricio Andrade Ramos[/en]', 2, NULL, NULL, NULL),
(335, '[en]Marc Beauchamps[/en]', 2, NULL, NULL, NULL),
(336, '[en]Daniel Filho[/en]', 2, '5IdwH39XvmFogzYewPA5pltlDNl.jpg', '1937-09-30', NULL),
(337, '[en]Hank Levine[/en]', 0, NULL, NULL, NULL),
(338, '[en]Vincent Maraval[/en]', 2, '8zjv7mH8DTiaIegk5mAysf1Gra.jpg', NULL, NULL),
(339, '[en]Donald Ranvaud[/en]', 2, '1cU8GtG2Fj177LGxNsSZkJ9gWZi.jpg', '1953-12-05', '2016-09-05'),
(340, '[en]Juliette Renaud[/en]', 0, NULL, NULL, NULL),
(341, '[en]Walter Salles[/en]', 2, 'k3XHgm0f9nJK3ugilBqlm0tHfsw.jpg', '1956-04-12', NULL),
(342, '[en]Ed Cortês[/en]', 2, NULL, '1965-07-02', NULL),
(343, '[en]Antonio Pinto[/en]', 2, 'my56LyiV6z4RftHnjUpDvz1UfYJ.jpg', NULL, NULL),
(344, '[en]Emile Sherman[/en]', 2, NULL, NULL, NULL),
(345, '[en]Iain Canning[/en]', 0, NULL, NULL, NULL),
(346, '[en]Angie Fielder[/en]', 0, NULL, NULL, NULL),
(347, '[en]Dustin O\'Halloran[/en]', 2, 'jUoREoQoh69lfHJ2zSGteV1JobP.jpg', '1971-09-08', NULL),
(348, '[en]Volker Bertelmann[/en]', 2, '6iZPE8RAh3twac8yHYPWRpWWPZ9.jpg', NULL, NULL),
(349, '[en]Garth Davis[/en]', 2, 'lqxIIqqe7T64Oj6I9mofH2irDfd.jpg', '1974-01-01', NULL),
(350, '[en]Richard Gere[/en]', 2, 'r7KO9hhivKVeH5XzxcoplUPjlwu.jpg', '1949-08-31', NULL),
(351, '[en]Bill Johnson[/en]', 2, NULL, NULL, NULL),
(352, '[en]Lasse Hallström[/en]', 2, 'zEz9LphkDBcGAAYGdjIU5QzjB9C.jpg', '1946-06-02', NULL),
(353, '[en]Jan A.P. Kaczmarek[/en]', 2, NULL, '1953-04-29', NULL),
(354, '[en]Shin Torisawa[/en]', 0, NULL, NULL, NULL),
(355, '[en]Vicki Shigekuni Wong[/en]', 0, NULL, NULL, NULL),
(356, '[en]John Murphy[/en]', 2, 'zjCRjbBQ8zoaKwka9iS7zbmBrTr.jpg', '1965-03-04', NULL),
(357, '[en]Guy Ritchie[/en]', 2, '9pLUnjMgIEWXi0mlHYzie9cKUTD.jpg', '1968-09-10', NULL),
(358, '[en]Matthew Vaughn[/en]', 2, 'Dnbz3B7yy4u0abixuD5LakZgsy.jpg', '1971-03-07', NULL),
(359, '[en]David A. Hughes[/en]', 2, NULL, '1960-04-25', NULL),
(360, '[en]John Carpenter[/en]', 2, 'ghBgALx0z2hGdY32eG9VL6dPyhz.jpg', '1948-01-16', NULL),
(361, '[en]David Foster[/en]', 2, '6T3NcuvGbYzjI5Mk6DBYGvTVPlf.jpg', '1930-01-01', '2019-12-23'),
(362, '[en]Alan Howarth[/en]', 2, NULL, NULL, NULL),
(363, '[en]Lawrence Turman[/en]', 2, NULL, '1926-11-28', NULL),
(364, '[en]Wyck Godfrey[/en]', 2, 'tKoS0O3m1UROqeM9ZLLfbvgY6Vf.jpg', NULL, NULL),
(365, '[en]Marty Bowen[/en]', 2, '4G0hk2Pvc9Au6WEdYBv7g2nN7mt.jpg', NULL, NULL),
(366, '[en]Greg Berlanti[/en]', 2, '1T24SiIIDMa9gAmq7QaYwZywq4y.jpg', '1972-05-24', NULL),
(367, '[en]Rob Simonsen[/en]', 2, 'oLz4I5M32k3ynlgMeph9LFsBRsP.jpg', '1978-03-11', NULL),
(368, '[en]Pouya Shahbazian[/en]', 0, NULL, NULL, NULL),
(369, '[en]Isaac Klausner[/en]', 2, 'pjDFZlY2NdoqrnoiMiCB05bMz9y.jpg', NULL, NULL),
(370, '[en]Franz Waxman[/en]', 2, 'n48TLDTHMqC84UpyIM6xO6ZqyLE.jpg', '1906-12-24', '1967-02-24'),
(371, '[en]Paul Thomas Anderson[/en]', 2, '29DHpRKddqTwo2NU162Y49JoQYa.jpg', '1970-06-26', NULL),
(372, '[en]Daniel Lupi[/en]', 2, 'qvbWiy6zJF6RwjNNbLkAriRrf9M.jpg', '1961-01-01', NULL),
(373, '[en]JoAnne Sellar[/en]', 1, '1Z3PwpavLD7aRtaYCGiExwJz1B5.jpg', NULL, NULL),
(374, '[en]Jonny Greenwood[/en]', 2, 'wDzFkChTvghv8Wrt3hZIYtC3uhV.jpg', '1971-11-05', NULL),
(375, '[en]Bob Odenkirk[/en]', 2, 'rF0Lb6SBhGSTvjRffmlKRSeI3jE.jpg', '1962-10-22', NULL),
(376, '[en]David Buckley[/en]', 2, 'q1yKKLlYetpFUhR9mrn8gw1SoxE.jpg', '1976-06-07', NULL),
(377, '[en]Annie Marter[/en]', 1, NULL, '1976-05-01', NULL),
(378, '[en]Ilya Naishuller[/en]', 2, 'gvBwViahAMgKrrXi5RX69JZ60dY.jpg', '1983-11-19', NULL),
(379, '[en]Braden Aftergood[/en]', 0, NULL, NULL, NULL),
(380, '[en]Marc Provissiero[/en]', 0, NULL, NULL, NULL),
(381, '[en]Jerry Bruckheimer[/en]', 2, 'vTKQVRrj9vOrKLkPEsXHxmpV9c3.jpg', '1943-09-21', NULL),
(382, '[en]Tom Cruise[/en]', 2, '8qBylBsQf4llkGrWR3qAsOtOU8O.jpg', '1962-07-03', NULL),
(383, '[en]Harold Faltermeyer[/en]', 2, 'lzYuxolMTXKyaEkKlYcyXmWVebE.jpg', '1952-10-05', NULL),
(384, '[en]David Ellison[/en]', 2, 'jOhjFZWW2KqsOzm4IiE71FHmcIf.jpg', '1983-01-09', NULL),
(385, '[en]Joseph Kosinski[/en]', 2, 'oWLUXWY0j8TYzwnf2wETYWO181S.jpg', '1974-05-03', NULL),
(386, '[en]Lady Gaga[/en]', 1, '9Y4Pz7AEXhB9qNar2tMsx5EVXML.jpg', '1986-03-28', NULL),
(387, '[en]Brian Tyler[/en]', 2, 'wLPLAOcEgA9vfNuXSX1QI1ajguU.jpg', '1978-05-08', NULL),
(388, '[en]Cathy Schulman[/en]', 1, 'ij1JtBArVmeNOS1KDjVXgHomIkc.jpg', '1965-01-01', NULL),
(389, '[en]Tobias Iaconis[/en]', 0, NULL, NULL, NULL),
(390, '[en]Justin Baldoni[/en]', 2, '2sc6iUWljADnqtjsaKU3s6f0DGW.jpg', '1984-01-24', NULL),
(391, '[en]Mikki Daughtry[/en]', 0, NULL, NULL, NULL),
(392, '[en]Breton Vivian[/en]', 2, NULL, NULL, NULL),
(393, '[en]Barbara De Fina[/en]', 1, 'gBKdvzHKLjqatJ4Im6WrpdaptrP.jpg', '1949-12-28', NULL),
(394, '[en]Laurie Johnson[/en]', 2, NULL, NULL, NULL),
(395, '[en]Orson Welles[/en]', 2, 'e9lGmqQq3EsHeUQgQLByo275hcc.jpg', '1915-05-06', '1985-10-10'),
(396, '[en]Andy Cohen[/en]', 2, 'eZrNjW7RQgkhwfcBw0qGTLPVgf4.jpg', '1968-06-02', NULL),
(397, '[en]Karen Lunder[/en]', 1, NULL, NULL, NULL),
(398, '[en]Marc Webb[/en]', 2, '65tk6xLNEW4EG0CSrxbVeHDi03a.jpg', '1974-08-31', NULL),
(399, '[en]Tom Flynn[/en]', 2, NULL, '1955-08-10', NULL),
(400, '[en]Max Steiner[/en]', 2, 's8QWvmV2sJyVDnOs6XV29Vp11w.jpg', '1888-05-10', '1971-12-28'),
(401, '[en]Michael Curtiz[/en]', 2, 'qRKA4eYY5Jhu1FaDsh4IUAg264f.jpg', '1886-12-24', '1962-04-10'),
(402, '[en]Hal B. Wallis[/en]', 2, 'lia6xtKaPDmQ68BArDkqxAFj9go.jpg', '1899-09-13', '1986-10-05'),
(403, '[en]Arnon Milchan[/en]', 2, 'b2hBExX4NnczNAnLuTBF4kmNhZm.jpg', '1944-12-06', NULL),
(404, '[en]Isao Takahata[/en]', 2, 'xTkZOWe1VU4xNba1lO0T9trFLHm.jpg', '1935-10-29', '2018-04-05'),
(405, '[en]Michio Mamiya[/en]', 2, NULL, '1929-06-29', NULL),
(406, '[en]Mehmet Ada Öztekin[/en]', 2, NULL, '1976-01-01', NULL),
(407, '[en]Özge Efendioğlu[/en]', 0, NULL, NULL, NULL),
(408, '[en]Saner Ayar[/en]', 0, NULL, NULL, NULL),
(409, '[en]Sinan Turan[/en]', 0, NULL, NULL, NULL),
(410, '[en]Hakan Karamahmutoğlu[/en]', 0, NULL, NULL, NULL),
(411, '[en]Hasan Özsüt[/en]', 0, NULL, NULL, NULL),
(412, '[en]Yash Chopra[/en]', 2, 'uDthb94NlawtgRT8BKufFkZdJR5.jpg', '1932-09-27', '2012-10-21'),
(413, '[en]Aditya Chopra[/en]', 2, 'eXYKfA6bg12pn9LPrWeRfxYQwcb.jpg', '1971-05-22', NULL),
(414, '[en]Jatin Pandit[/en]', 0, NULL, NULL, NULL),
(415, '[en]Lalit Pandit[/en]', 2, NULL, NULL, NULL),
(416, '[en]Fernando Velázquez[/en]', 2, 'a6YllJxbhjcob60JAwSVdHIdco1.jpg', '1976-11-27', NULL),
(417, '[en]Mercedes Gamero[/en]', 0, NULL, NULL, NULL),
(418, '[en]Oriol Paulo[/en]', 2, 'mzX2gRv33Yo2T6Nq5iLgBWurlXw.jpg', '1975-01-01', NULL),
(419, '[en]Mikel Lejarza[/en]', 0, NULL, NULL, NULL),
(420, '[en]Eneko Lizarraga Arratibel[/en]', 2, NULL, NULL, NULL),
(421, '[en]Fulvio Morsella[/en]', 0, NULL, NULL, NULL),
(422, '[en]Franco Cristaldi[/en]', 2, 'wDQ19zZKLBSiwSIIuTKdX6gszYn.jpg', '1924-10-03', '1992-07-01'),
(423, '[en]Giuseppe Tornatore[/en]', 2, 'pjVrtNGsCSNs5IeRVr34PMn1hVR.jpg', '1956-05-27', NULL),
(424, '[en]Giovanna Romagnoli[/en]', 1, NULL, NULL, NULL),
(425, '[en]Vanna Paoli[/en]', 0, NULL, NULL, NULL),
(426, '[en]Wolfgang Amadeus Mozart[/en]', 2, 'p4ueHlbsBraC1AMAGDCYJJ5L9cw.jpg', '1756-01-27', '1791-12-05'),
(427, '[en]Frank Capra[/en]', 2, '1OTZ7CEdEawDgA4qiBidpWTKE2x.jpg', '1897-05-18', '1991-09-03'),
(428, '[en]Dimitri Tiomkin[/en]', 2, 'oYL6Tiuf7MuFEd5F7vf7Dt5vHmF.jpg', '1894-05-10', '1979-11-11'),
(429, '[en]Sisse Graum Jørgensen[/en]', 0, NULL, NULL, NULL),
(430, '[en]Morten Kaufmann[/en]', 0, NULL, NULL, NULL),
(431, '[en]Thomas Vinterberg[/en]', 2, '1lChKBPVLqbn7Kl8lHghybBVzgw.jpg', '1969-05-19', NULL),
(432, '[en]Nikolaj Egelund[/en]', 2, NULL, '1968-07-27', NULL),
(433, '[en]Christopher Meledandri[/en]', 2, 'iRcvLhuIzkUkjCR4C3NKbi2juuv.jpg', '1959-05-15', NULL),
(434, '[en]Joby Talbot[/en]', 0, NULL, NULL, NULL),
(435, '[en]Garth Jennings[/en]', 2, 'zl6ZWijGySSIYJRFalleAiGkxyQ.jpg', '1972-03-04', NULL),
(436, '[en]Janet Healy[/en]', 0, NULL, NULL, NULL),
(437, '[en]Arturo González[/en]', 2, NULL, NULL, NULL),
(438, '[en]Mathieu Kassovitz[/en]', 2, '3FRBEdKKlxhvPWPt0jzgmSjeHwn.jpg', '1967-08-03', NULL),
(439, '[en]Christophe Rossignon[/en]', 2, 'xlEAUEu1owtvkFQNT9h684TryQV.jpg', '1959-11-26', NULL),
(440, '[en]Eharu Oohashi[/en]', 0, NULL, NULL, NULL),
(441, '[en]Naoko Yamada[/en]', 1, 'zn94vyQq1zuiQu94UCMHWfW7GKC.jpg', '1984-11-28', NULL),
(442, '[en]Shinichi Nakamura[/en]', 2, NULL, NULL, NULL),
(443, '[en]Kensuke Ushio[/en]', 2, 'A3FnNDo5WKMnAGHPlAMpRED4s9j.jpg', '1983-03-01', NULL),
(444, '[en]Toshio Iizuka[/en]', 2, NULL, NULL, NULL),
(445, '[en]Kensuke Tateishi[/en]', 2, '4yM6ysQCnqXfWtdDiH1t4N6DE8x.jpg', NULL, NULL),
(446, '[en]Mikio Uetsuki[/en]', 0, NULL, NULL, NULL),
(447, '[en]Sergio Pablos[/en]', 2, 'gef101kaaTev5OxLSYnrC3ev9F1.jpg', NULL, NULL),
(448, '[en]Gustavo Ferrada[/en]', 2, NULL, NULL, NULL),
(449, '[en]Marisa Román[/en]', 1, 'euJU2SdampfhwqdBNsby6WzPCq1.jpg', '1981-12-30', NULL),
(450, '[en]Tanguy Olivier[/en]', 0, NULL, NULL, NULL),
(451, '[en]Micah Dahlberg[/en]', 0, NULL, NULL, NULL),
(452, '[en]Michael Deeley[/en]', 2, NULL, '1932-08-06', NULL),
(453, '[en]Michael Cimino[/en]', 2, '7LyJWnmesjNnmpLDtWcYXVnkfkW.jpg', '1939-02-03', '2016-07-02'),
(454, '[en]Barry Spikings[/en]', 2, NULL, NULL, NULL),
(455, '[en]John Peverall[/en]', 2, NULL, NULL, '2009-10-03'),
(456, '[en]Charlie Chaplin[/en]', 2, 'lRI9Ky1SMOehn04OqhYJ5hQfgIK.jpg', '1889-04-16', '1977-12-25'),
(457, '[en]Gabriel Yared[/en]', 2, 'kqJzXNKsL5LJU1FZBjobHVSnnjp.jpg', '1949-10-07', NULL),
(458, '[en]Florian Henckel von Donnersmarck[/en]', 2, '3IuSW8NazUH3VlM8KYwMhTTk5lV.jpg', '1973-05-02', NULL),
(459, '[en]Stéphane Moucha[/en]', 2, '2TGJfAwJyC11ZaB9XPtdjrgd8Cd.jpg', '1968-05-01', NULL),
(460, '[en]Max Wiedemann[/en]', 2, NULL, '1977-12-22', NULL),
(461, '[en]Quirin Berg[/en]', 2, NULL, '1978-03-01', NULL),
(462, '[en]Tcha Sung-jai[/en]', 2, NULL, '1960-03-26', NULL),
(463, '[en]Taro Iwashiro[/en]', 2, 'lQW66ngjWvhsjX0tylElltR9C66.jpg', '1965-05-01', NULL),
(464, '[en]Shim Sung-bo[/en]', 2, 'uMtRcaFE4UvbUk5z0wDVQIWb5SD.jpg', NULL, NULL),
(465, '[en]Kim Moo-ryoung[/en]', 1, NULL, NULL, NULL),
(466, '[en]Noh Jong-yun[/en]', 2, NULL, '1964-01-28', NULL),
(467, '[en]Chung Seo-kyung[/en]', 1, 'puBGFSws4gSME2OhBUgzbcooOjQ.jpg', NULL, NULL),
(468, '[en]Billy Wilder[/en]', 2, 'tfVte6h2dlLn59Q0Mi6AvWAyRLP.jpg', '1906-06-22', '2002-03-27'),
(469, '[en]Doane Harrison[/en]', 2, NULL, '1894-09-19', '1968-11-11'),
(470, '[en]Adolph Deutsch[/en]', 2, NULL, '1897-10-20', '1980-01-01'),
(471, '[en]Akira Kurosawa[/en]', 2, 'uCFWmYXu0EqF5Bd6zWaOS4FxvEB.jpg', '1910-03-23', '1998-09-06'),
(472, '[en]Sōjirō Motoki[/en]', 2, '3elxuzpG4zmKcXmJxAkRnUDjCn7.jpg', '1914-06-19', '1977-05-21'),
(473, '[en]Fumio Hayasaka[/en]', 2, 'A4t45XV0SXKnYzZNkzrjCl4jHUy.jpg', '1914-08-19', '1955-10-15'),
(474, '[en]John Morris[/en]', 2, 'jz112syH8RYDrZvbdgiYYWDudu8.jpg', '1926-10-18', '2018-01-25'),
(475, '[en]David Lynch[/en]', 2, '9xRmptsf4kuEbDpCwl80VpnGg4K.jpg', '1946-01-20', NULL),
(476, '[en]Jonathan Sanger[/en]', 2, 'iMFHSjjyhRyIBqj8wxDaIb3aEzL.jpg', '1944-04-21', NULL),
(477, '[en]Yuki Kajiura[/en]', 1, 'mbT24RyUOjhoy8FP5K9mc8DEPwB.jpg', '1965-08-06', NULL),
(478, '[en]Haruo Sotozaki[/en]', 2, '9SsLeBJkFluywq7YaEQiC9iIFBq.jpg', NULL, NULL),
(479, '[en]Go Shiina[/en]', 2, 'rYorHyjbbAS39sOgbWIUY9xYGpp.jpg', '1974-05-16', NULL),
(480, '[en]Masanori Miyake[/en]', 2, NULL, NULL, NULL),
(481, '[en]Akifumi Fujio[/en]', 2, NULL, NULL, NULL),
(482, '[en]Yuma Takahashi[/en]', 2, 'asdAsIojiSQ0WQ6m315b6YF3rZt.jpg', NULL, NULL),
(483, '[en]Meredith Willson[/en]', 0, NULL, NULL, NULL),
(484, '[en]Gustavo Santaolalla[/en]', 2, 'oG4cgWFX2oMMnCrqzt3uK67ihaa.jpg', '1951-08-19', NULL),
(485, '[en]Ivor Powell[/en]', 2, 'oA0o01W64ppwMoBhg1hB8NgzdUS.jpg', NULL, NULL),
(486, '[en]Jack Rapke[/en]', 2, NULL, NULL, NULL),
(487, '[en]Kevin Misher[/en]', 2, 'pZI2kJyR1aIGLJUb2Oeoi5QgA5t.jpg', NULL, NULL),
(488, '[en]Craig Luck[/en]', 0, NULL, NULL, NULL),
(489, '[en]Miguel Sapochnik[/en]', 2, 'jlZGTjiifvvFDoEtlwrKz7QxuJS.jpg', '1974-01-07', NULL),
(490, '[en]Jacqueline Levine[/en]', 1, NULL, NULL, NULL),
(491, '[en]Arthur Freed[/en]', 2, NULL, '1894-09-09', '1973-04-12'),
(492, '[en]Stanley Donen[/en]', 2, 'ds7TffqzWhnW9kndY1hnOajkpEA.jpg', '1924-04-13', '2019-02-22'),
(493, '[en]Gene Kelly[/en]', 2, 'zhVIiUrWtlT4NNT7WCXma1mFD88.jpg', '1912-08-23', '1996-02-02'),
(494, '[en]Lennie Hayton[/en]', 2, NULL, '1908-02-13', '1971-04-24'),
(495, '[en]Ingmar Bergman[/en]', 2, 'nkmOaXNRoioViN9OQf2n9Iu6akA.jpg', '1918-07-14', '2007-07-30'),
(496, '[en]Allan Ekelund[/en]', 2, 'mJqjS8brEuF5prkLkNeaeYDTFee.jpg', '1918-01-16', '2009-09-04'),
(497, '[en]Erik Nordgren[/en]', 2, 'xE1LsOerpFnO5OQyh4FwtHYcARo.jpg', NULL, NULL),
(498, '[en]Xavier Dolan[/en]', 2, 'ohlR0okNYx0lg4NFqQJoys8c4Zp.jpg', '1989-03-20', NULL),
(499, '[en]Nancy Grant[/en]', 1, 'vJ7FcUqM0pNZq4DgBJAcrQHB0ON.jpg', NULL, NULL),
(500, '[en]Noia[/en]', 0, NULL, NULL, NULL),
(501, '[en]David Parfitt[/en]', 2, NULL, '1958-01-01', NULL),
(502, '[en]Philippe Carcassonne[/en]', 2, 'igYOR1ntGPy9yd7FlHSgaSZOU0D.jpg', '1955-02-21', NULL),
(503, '[en]Jean-Louis Livi[/en]', 2, 'oi6IJAU4rCau2QuzQnpK27m7QoM.jpg', '1941-01-29', NULL),
(504, '[en]Florian Zeller[/en]', 2, 'e2koSVDhNPlENZ7zRZq2eyC3A7y.jpg', '1979-06-28', NULL),
(505, '[en]Christophe Spadone[/en]', 0, NULL, NULL, NULL),
(506, '[en]Simon Friend[/en]', 0, NULL, NULL, NULL),
(507, '[en]Larry J. Franco[/en]', 2, 'ohtAUK0wFyRJa5a9TIM3BSQkoCG.jpg', '1949-04-05', NULL),
(508, '[en]Joss Whedon[/en]', 2, 'mVvpZnKYKSCtkOQixQnOonV5kv3.jpg', '1964-06-23', NULL),
(509, '[en]Danny Elfman[/en]', 2, '8KJ84nY4Kw6MsgZTfdkJ35E8Juy.jpg', '1953-05-29', NULL),
(510, '[en]Tom Tykwer[/en]', 2, '9jGSRfOnJTt8xvHtajWl4ZHRV0r.jpg', '1965-05-23', NULL),
(511, '[en]Johnny Klimek[/en]', 2, NULL, '1962-08-18', NULL),
(512, '[en]Grant Hill[/en]', 2, '5rg31yzhZoExI8om31igSMpXx1l.jpg', NULL, NULL),
(513, '[en]James McTeigue[/en]', 2, '8aUklN9PpswTG8DnhVAY92koRMC.jpg', '1967-12-29', NULL),
(514, '[en]David Mitchell[/en]', 2, 'gv5LefiZgvVqCptniPudTcblcol.jpg', '1969-01-12', NULL),
(515, '[en]Aleksandar Hemon[/en]', 2, NULL, '1964-09-09', NULL),
(516, '[en]Joseph Garner[/en]', 0, NULL, NULL, NULL),
(517, '[en]Patrick Doyle[/en]', 2, 'zffHei02Xba8eH8KjdQf1irOTYQ.jpg', '1953-04-06', NULL),
(518, '[en]Mike Newell[/en]', 2, 'zeLnvLZtyJaBP1wWceRM7HWkm0E.jpg', '1942-03-28', NULL),
(519, '[en]Nicholas Hooper[/en]', 2, 'kSvqq7PeHSX3IIvHptFQBklXE54.jpg', NULL, NULL),
(520, '[en]Richard Marquand[/en]', 2, 'eEalDQpLsXJqejPDQ3MWGe95UHT.jpg', '1937-09-22', '1987-09-04'),
(521, '[en]Kathleen Kennedy[/en]', 1, 'ndgYlie0PHkyqEiEBGM8SqrPOkr.jpg', '1953-06-05', NULL),
(522, '[en]Michael Arndt[/en]', 2, 'iTJcSs93lxURPoFo2fegB8shBlX.jpg', '1965-11-11', NULL),
(523, '[en]J.J. Abrams[/en]', 2, 'k4IWd2RV5kY1kAL2VgKQwFvnCLP.jpg', '1966-06-27', NULL),
(524, '[en]Bryan Burk[/en]', 2, 'gudmhBIWrJlXHckcFMreVSkMESl.jpg', '1968-12-30', NULL),
(525, '[en]Michelle Rejwan[/en]', 1, 'fPuQuaFOIcjhw2WSwqHiKYpHud0.jpg', '1982-03-08', NULL),
(526, '[en]Rian Johnson[/en]', 2, 'uPWwvdppeZVKPbYcjXKU8zyuAVh.jpg', '1973-12-17', NULL),
(527, '[en]Ram Bergman[/en]', 2, '1CYolCdsMlyuw6fnbmcHxOvXphv.jpg', NULL, NULL),
(528, '[en]Leifur B. Dagfinnsson[/en]', 2, NULL, NULL, NULL),
(529, '[en]Andres Jauernick[/en]', 2, NULL, NULL, NULL),
(530, '[en]Fred Fuchs[/en]', 2, NULL, NULL, NULL),
(531, '[en]Nicholas Gage[/en]', 0, NULL, NULL, NULL),
(532, '[en]Charles Mulvehill[/en]', 2, NULL, NULL, NULL),
(533, '[en]John Francis Daley[/en]', 2, 'rKZL3e8gI2tQD6Kv0QojXK5sG4u.jpg', '1985-07-20', NULL),
(534, '[en]Christopher Ford[/en]', 2, NULL, NULL, NULL),
(535, '[en]Jonathan M. Goldstein[/en]', 2, 's1fwSaxlYvw3KdmRvT1ZSYhsEkJ.jpg', '1969-01-01', NULL),
(536, '[en]Don Harper[/en]', 0, NULL, NULL, NULL),
(537, '[en]Bradley Raymond[/en]', 2, NULL, NULL, NULL),
(538, '[en]George A. Mendoza[/en]', 2, NULL, NULL, NULL),
(539, '[en]Jason VanBorssum[/en]', 2, NULL, NULL, NULL),
(540, '[en]Sandra Beerenbrock[/en]', 0, NULL, NULL, NULL),
(541, '[en]Laurel Betts[/en]', 0, NULL, NULL, NULL),
(542, '[en]Ilaine Navea[/en]', 0, NULL, NULL, NULL),
(543, '[en]Julie Vieillemaringe[/en]', 0, NULL, NULL, NULL),
(544, '[en]Nick Glennie-Smith[/en]', 2, NULL, '1951-10-03', NULL),
(545, '[en]Darrell Rooney[/en]', 2, NULL, NULL, NULL),
(546, '[en]Jeannine Roussel[/en]', 0, NULL, NULL, NULL),
(547, '[en]Trevor Macy[/en]', 2, NULL, NULL, NULL),
(548, '[en]Jon Berg[/en]', 2, NULL, NULL, NULL),
(549, '[en]Mike Flanagan[/en]', 2, '85q5HSDoltjvg1ES0eToNlLjfPB.jpg', '1978-05-20', NULL),
(550, '[en]Andrew Grush[/en]', 2, NULL, NULL, NULL),
(551, '[en]Taylor Stewart[/en]', 2, NULL, NULL, NULL),
(552, '[en]Dino De Laurentiis[/en]', 2, 'AemWmlAEoezGnyJTVP0DYfc0Fmu.jpg', '1919-08-08', '2010-11-11'),
(553, '[en]Martha De Laurentiis[/en]', 1, NULL, '1954-07-10', NULL),
(554, '[en]Brett Ratner[/en]', 2, 'uOtFtBPkLQaTq8TobPG0XvNKrvD.jpg', '1969-03-28', NULL),
(555, '[en]Shigeru Umebayashi[/en]', 2, 'h73YChptaEO6rbvGpPY2KlqxG8N.jpg', '1951-02-19', NULL),
(556, '[en]Peter Webber[/en]', 2, '7X50ruC3Ti3lDvfj7ZrLrquvSZk.jpg', NULL, NULL),
(557, '[en]Tarak Ben Ammar[/en]', 2, 'zEhGCxlrFtZRr9XqibR3ncPEUmF.jpg', '1949-06-12', NULL),
(558, '[en]Ilan Eshkeri[/en]', 0, NULL, NULL, NULL),
(559, '[en]Gale Anne Hurd[/en]', 1, 'zQtqYXqna1DyIMX3TrY0UytNgoO.jpg', '1955-10-25', NULL),
(560, '[en]James Horner[/en]', 2, 'g2C3Fb4fHCU2gnqUcwTQCv5EZc4.jpg', '1953-08-14', '2015-06-22'),
(561, '[en]Elliot Goldenthal[/en]', 2, '9FOePwrekBTTuSSBmgVVeKKO8cR.jpg', '1954-05-02', NULL),
(562, '[en]Jean-Pierre Jeunet[/en]', 2, 'u3QmPbF9gdTTLsAHS97ic93gg6S.jpg', '1953-09-03', NULL),
(563, '[en]John Frizzell[/en]', 2, NULL, '1966-01-01', NULL),
(564, '[en]Bill Badalato[/en]', 2, NULL, '1940-10-08', NULL),
(565, '[en]Joaquim Dos Santos[/en]', 2, 'pMJQqL9kYHlZIw3pgJYpFOMGTBq.jpg', '1977-06-22', NULL),
(566, '[en]Justin K. Thompson[/en]', 2, 'xGd7wF8E5ItRgUqHSGnzadGzqJM.jpg', NULL, NULL),
(567, '[en]Kemp Powers[/en]', 2, '4fMeoj58Wz7P8U1BDaEWgJDqKHL.jpg', '1973-01-01', NULL),
(568, '[en]Mario Kassar[/en]', 2, '39uC1Ou7mqOUSfrpfKV8rPJhRT8.jpg', '1951-10-10', NULL),
(569, '[en]Jonathan Mostow[/en]', 2, 'yRMYvjGLIf0aOUKVLnU6jSpR1oQ.jpg', '1961-11-28', NULL),
(570, '[en]Hal Lieberman[/en]', 0, NULL, NULL, NULL),
(571, '[en]Joel B. Michaels[/en]', 2, NULL, NULL, NULL),
(572, '[en]Andrew G. Vajna[/en]', 2, 'wg3PgmS7XC4cymYtJSUd23xcvXK.jpg', '1944-08-01', '2019-01-20'),
(573, '[en]Matthias Deyle[/en]', 0, NULL, NULL, NULL),
(574, '[en]Colin Wilson[/en]', 0, NULL, NULL, NULL),
(575, '[en]John Brancato[/en]', 2, '909bQWYUF6cE1BKDWsQqCA9Z19S.jpg', NULL, NULL),
(576, '[en]Michael Ferris[/en]', 2, 'oPv1zQhqLdRkf7nxKCpnuUBviCO.jpg', '1961-01-29', NULL),
(577, '[en]McG[/en]', 2, 'vkHseZiluwbkqFHdvenCeQR3Ds9.jpg', '1968-08-09', NULL),
(578, '[en]Moritz Borman[/en]', 2, NULL, '1955-01-01', NULL),
(579, '[en]Jeffrey Silver[/en]', 2, NULL, NULL, NULL),
(580, '[en]Victor Kubicek[/en]', 2, NULL, NULL, NULL),
(581, '[en]Derek Anderson[/en]', 2, NULL, NULL, NULL),
(582, '[en]Dana Goldberg[/en]', 1, NULL, NULL, NULL),
(583, '[en]Alan Taylor[/en]', 2, 'sXC2wNRo7lshghNnNaPdWQ9sqKe.jpg', '1965-01-01', NULL),
(584, '[en]Lorne Balfe[/en]', 2, 'lHAhZC9RAUYtjhKDokKYyNNitLz.jpg', '1976-02-23', NULL),
(585, '[en]Tim Miller[/en]', 2, 'dCyBYwhO76j5wA96HPb6k5xk2Le.jpg', '1964-10-10', NULL),
(586, '[en]David Shire[/en]', 2, 'oJVNrHE7q0ztCf7Wi03IGPk3cUD.jpg', '1937-07-03', NULL),
(587, '[en]Peter Hyams[/en]', 2, 'duAvOEQ7Bt3RoiyBzFmlOawcCwW.jpg', '1943-07-26', NULL),
(588, '[en]Noritaka Kawaguchi[/en]', 2, 'c05kckuUvGjv6xx6pI7bPpjydvk.jpg', '1969-01-01', NULL),
(589, '[en]Daisuke Kashiwa[/en]', 0, NULL, NULL, NULL),
(590, '[en]Wakana Okamura[/en]', 1, NULL, NULL, NULL),
(591, '[en]Kinue Itou[/en]', 1, NULL, NULL, NULL),
(592, '[en]Kazuma Jinnouchi[/en]', 2, NULL, NULL, NULL),
(593, '[en]Tenmon[/en]', 2, NULL, '1971-01-01', NULL),
(594, '[en]Toshiaki Doushita[/en]', 0, NULL, NULL, NULL),
(595, '[en]Chung Jin-ho[/en]', 0, NULL, NULL, NULL),
(596, '[en]Yoshihiro Hagiwara[/en]', 0, NULL, NULL, NULL),
(597, '[en]Hilton A. Green[/en]', 2, NULL, '1929-03-03', '2013-10-02'),
(598, '[en]Richard Franklin[/en]', 2, '6uwR8pty3q88uFgRpRFUDEewN88.jpg', '1948-07-15', '2007-07-11'),
(599, '[en]Tom Holland[/en]', 2, '22eqkAJx8Uyaww4dB7BiriboLAp.jpg', '1943-07-11', NULL),
(600, '[en]Anthony Perkins[/en]', 2, '7FipKwmg2woHNvt5ATeXLBirHXs.jpg', '1932-04-04', '1992-09-12'),
(601, '[en]Graeme Revell[/en]', 2, 'uOxJw3NnTEFXnHYzBwG82DOmOVZ.jpg', '1955-10-23', NULL),
(602, '[en]Joseph Stefano[/en]', 2, NULL, '1922-05-05', '2006-08-25'),
(603, '[en]Les Mayfield[/en]', 2, NULL, '1959-11-30', NULL),
(604, '[en]Mick Garris[/en]', 2, 'mZUsXhL7H5DgaQL98qslFrgp1yl.jpg', '1951-12-04', NULL),
(605, '[en]George Zaloom[/en]', 2, NULL, NULL, NULL),
(606, '[en]Tony McNamara[/en]', 2, 'xqvrpLtpYCOMbMkySCjcsavYGur.jpg', '1966-12-31', NULL),
(607, '[en]Marc Forster[/en]', 2, 'm3WEGG6czBjgFULVyVQy6EJvUsZ.jpg', '1969-11-30', NULL),
(608, '[en]R.J. Palacio[/en]', 1, NULL, '1963-07-13', NULL),
(609, '[en]Marc Abraham[/en]', 2, NULL, NULL, NULL),
(610, '[en]Eric Newman[/en]', 2, 'igKWW23mx3EYZVaqy9Yv7zo4bzR.jpg', NULL, NULL),
(611, '[en]Eric Heisserer[/en]', 2, 'pFG6KLu3yNiiz2sHVKjdSMaPso5.jpg', '1970-04-30', NULL),
(612, '[en]Matthijs van Heijningen Jr.[/en]', 2, 'gWPNvAVh0lQXpUE7ozEp1V2Qj6k.jpg', '1965-07-26', NULL),
(613, '[en]Don Simpson[/en]', 2, 'dSVaGMYnsRrdUj6Xn7HeOzQlMZ5.jpg', '1943-10-29', '1996-01-19'),
(614, '[en]Tony Scott[/en]', 2, 'zEEbiNa8Pqw3U6pZ8Z2y3dlJJnC.jpg', '1944-06-21', '2012-08-19'),
(615, '[en]Jim Cash[/en]', 2, NULL, '1941-01-17', '2000-05-25'),
(616, '[en]Jack Epps Jr.[/en]', 2, NULL, NULL, NULL),
(617, '[en]Koyoharu Gotouge[/en]', 2, NULL, '1989-05-05', NULL);

-- --------------------------------------------------------

--
-- Table structure for table `ruolo`
--

CREATE TABLE `ruolo` (
  `id` smallint(5) UNSIGNED NOT NULL,
  `nome` varchar(50) NOT NULL
) ENGINE=InnoDB DEFAULT CHARSET=utf8mb4;

--
-- Dumping data for table `ruolo`
--

INSERT INTO `ruolo` (`id`, `nome`) VALUES
(3, 'Compositore'),
(2, 'Produttore'),
(0, 'Regista'),
(1, 'Sceneggiatore');

-- --------------------------------------------------------

--
-- Table structure for table `stato`
--

CREATE TABLE `stato` (
  `id` tinyint(3) UNSIGNED NOT NULL,
  `nome` varchar(50) NOT NULL
) ENGINE=InnoDB DEFAULT CHARSET=utf8mb4;

--
-- Dumping data for table `stato`
--

INSERT INTO `stato` (`id`, `nome`) VALUES
(0, 'Annunciato'),
(4, 'Completato'),
(3, 'Post produzione'),
(1, 'Pre produzione'),
(5, 'Rilasciato'),
(2, 'Riprese in corso');

-- --------------------------------------------------------

--
-- Table structure for table `utente`
--

CREATE TABLE `utente` (
  `id` bigint(20) UNSIGNED NOT NULL,
  `username` varchar(30) NOT NULL,
  `mail` varchar(100) DEFAULT NULL,
  `nome` varchar(50) DEFAULT NULL,
  `gender` tinyint(3) UNSIGNED NOT NULL DEFAULT 0,
  `data_nascita` date DEFAULT NULL,
  `password` varchar(255) NOT NULL,
  `is_admin` tinyint(1) UNSIGNED NOT NULL DEFAULT 0
) ENGINE=InnoDB DEFAULT CHARSET=utf8mb4;

--
-- Dumping data for table `utente`
--

INSERT INTO `utente` (`id`, `username`, `mail`, `nome`, `gender`, `data_nascita`, `password`, `is_admin`) VALUES
(0, 'admin', NULL, NULL, 0, NULL, '$2y$10$c89Abs5/dFG5RKTMDZT62ulIZsW7cSZqkMPTCdZteN4K/0ANlgQL2', 1),
(1, 'user', NULL, NULL, 0, NULL, '$2y$10$q7gUXPWc5uia6LGesqjQAe7MIvEKiwO/82qWvOWWg6GCgos0tSela', 0);

-- --------------------------------------------------------

--
-- Table structure for table `valutazione`
--

CREATE TABLE `valutazione` (
  `utente` bigint(20) UNSIGNED NOT NULL,
  `film` bigint(20) UNSIGNED NOT NULL,
  `valore` smallint(5) UNSIGNED NOT NULL,
  `testo` varchar(10000) DEFAULT NULL
) ENGINE=InnoDB DEFAULT CHARSET=utf8mb4;

--
-- Indexes for dumped tables
--

--
-- Indexes for table `collezione`
--
ALTER TABLE `collezione`
  ADD PRIMARY KEY (`id`),
  ADD UNIQUE KEY `locandina` (`locandina`);

--
-- Indexes for table `crew`
--
ALTER TABLE `crew`
  ADD PRIMARY KEY (`film`,`persona`,`ruolo`),
  ADD KEY `persona` (`persona`),
  ADD KEY `ruolo` (`ruolo`);

--
-- Indexes for table `film`
--
ALTER TABLE `film`
  ADD PRIMARY KEY (`id`),
  ADD UNIQUE KEY `locandina` (`locandina`),
  ADD KEY `collezione` (`collezione`),
  ADD KEY `stato` (`stato`);

--
-- Indexes for table `film_genere`
--
ALTER TABLE `film_genere`
  ADD PRIMARY KEY (`film`,`genere`),
  ADD KEY `genere` (`genere`);

--
-- Indexes for table `film_paese`
--
ALTER TABLE `film_paese`
  ADD PRIMARY KEY (`film`,`paese`),
  ADD KEY `paese` (`paese`);

--
-- Indexes for table `gender`
--
ALTER TABLE `gender`
  ADD PRIMARY KEY (`id`),
  ADD UNIQUE KEY `nome` (`nome`);

--
-- Indexes for table `genere`
--
ALTER TABLE `genere`
  ADD PRIMARY KEY (`id`),
  ADD UNIQUE KEY `nome` (`nome`);

--
-- Indexes for table `i_collezione`
--
ALTER TABLE `i_collezione`
  ADD PRIMARY KEY (`id`);

--
-- Indexes for table `i_film`
--
ALTER TABLE `i_film`
  ADD PRIMARY KEY (`id`);

--
-- Indexes for table `i_genere`
--
ALTER TABLE `i_genere`
  ADD PRIMARY KEY (`id`);

--
-- Indexes for table `i_persona`
--
ALTER TABLE `i_persona`
  ADD PRIMARY KEY (`id`);

--
-- Indexes for table `lista`
--
ALTER TABLE `lista`
  ADD PRIMARY KEY (`id`),
  ADD UNIQUE KEY `no_stesso_nome` (`utente`,`nome`);

--
-- Indexes for table `lista_collezione`
--
ALTER TABLE `lista_collezione`
  ADD PRIMARY KEY (`lista`,`collezione`),
  ADD KEY `collezione` (`collezione`);

--
-- Indexes for table `lista_film`
--
ALTER TABLE `lista_film`
  ADD PRIMARY KEY (`lista`,`film`),
  ADD KEY `film` (`film`);

--
-- Indexes for table `paese`
--
ALTER TABLE `paese`
  ADD PRIMARY KEY (`iso_3166_1`),
  ADD UNIQUE KEY `nome` (`nome`);

--
-- Indexes for table `persona`
--
ALTER TABLE `persona`
  ADD PRIMARY KEY (`id`),
  ADD UNIQUE KEY `immagine` (`immagine`),
  ADD KEY `gender` (`gender`);

--
-- Indexes for table `ruolo`
--
ALTER TABLE `ruolo`
  ADD PRIMARY KEY (`id`),
  ADD UNIQUE KEY `nome` (`nome`);

--
-- Indexes for table `stato`
--
ALTER TABLE `stato`
  ADD PRIMARY KEY (`id`),
  ADD UNIQUE KEY `nome` (`nome`);

--
-- Indexes for table `utente`
--
ALTER TABLE `utente`
  ADD PRIMARY KEY (`id`),
  ADD UNIQUE KEY `username` (`username`),
  ADD UNIQUE KEY `mail` (`mail`),
  ADD KEY `gender` (`gender`);

--
-- Indexes for table `valutazione`
--
ALTER TABLE `valutazione`
  ADD PRIMARY KEY (`utente`,`film`),
  ADD KEY `film` (`film`);

--
-- AUTO_INCREMENT for dumped tables
--

--
-- AUTO_INCREMENT for table `collezione`
--
ALTER TABLE `collezione`
  MODIFY `id` int(10) UNSIGNED NOT NULL AUTO_INCREMENT, AUTO_INCREMENT=25;

--
-- AUTO_INCREMENT for table `film`
--
ALTER TABLE `film`
  MODIFY `id` bigint(20) UNSIGNED NOT NULL AUTO_INCREMENT, AUTO_INCREMENT=208;

--
-- AUTO_INCREMENT for table `gender`
--
ALTER TABLE `gender`
  MODIFY `id` tinyint(3) UNSIGNED NOT NULL AUTO_INCREMENT, AUTO_INCREMENT=4;

--
-- AUTO_INCREMENT for table `genere`
--
ALTER TABLE `genere`
  MODIFY `id` smallint(5) UNSIGNED NOT NULL AUTO_INCREMENT, AUTO_INCREMENT=17;

--
-- AUTO_INCREMENT for table `lista`
--
ALTER TABLE `lista`
  MODIFY `id` bigint(20) UNSIGNED NOT NULL AUTO_INCREMENT, AUTO_INCREMENT=4;

--
-- AUTO_INCREMENT for table `persona`
--
ALTER TABLE `persona`
  MODIFY `id` int(10) UNSIGNED NOT NULL AUTO_INCREMENT, AUTO_INCREMENT=618;

--
-- AUTO_INCREMENT for table `ruolo`
--
ALTER TABLE `ruolo`
  MODIFY `id` smallint(5) UNSIGNED NOT NULL AUTO_INCREMENT, AUTO_INCREMENT=4;

--
-- AUTO_INCREMENT for table `stato`
--
ALTER TABLE `stato`
  MODIFY `id` tinyint(3) UNSIGNED NOT NULL AUTO_INCREMENT, AUTO_INCREMENT=6;

--
-- AUTO_INCREMENT for table `utente`
--
ALTER TABLE `utente`
  MODIFY `id` bigint(20) UNSIGNED NOT NULL AUTO_INCREMENT, AUTO_INCREMENT=2;

--
-- Constraints for dumped tables
--

--
-- Constraints for table `crew`
--
ALTER TABLE `crew`
  ADD CONSTRAINT `crew_ibfk_1` FOREIGN KEY (`film`) REFERENCES `film` (`id`) ON DELETE CASCADE,
  ADD CONSTRAINT `crew_ibfk_2` FOREIGN KEY (`persona`) REFERENCES `persona` (`id`) ON DELETE CASCADE,
  ADD CONSTRAINT `crew_ibfk_3` FOREIGN KEY (`ruolo`) REFERENCES `ruolo` (`id`) ON DELETE CASCADE;

--
-- Constraints for table `film`
--
ALTER TABLE `film`
  ADD CONSTRAINT `film_ibfk_1` FOREIGN KEY (`collezione`) REFERENCES `collezione` (`id`) ON DELETE SET NULL,
  ADD CONSTRAINT `film_ibfk_2` FOREIGN KEY (`stato`) REFERENCES `stato` (`id`);

--
-- Constraints for table `film_genere`
--
ALTER TABLE `film_genere`
  ADD CONSTRAINT `film_genere_ibfk_1` FOREIGN KEY (`film`) REFERENCES `film` (`id`) ON DELETE CASCADE,
  ADD CONSTRAINT `film_genere_ibfk_2` FOREIGN KEY (`genere`) REFERENCES `genere` (`id`) ON DELETE CASCADE;

--
-- Constraints for table `film_paese`
--
ALTER TABLE `film_paese`
  ADD CONSTRAINT `film_paese_ibfk_1` FOREIGN KEY (`film`) REFERENCES `film` (`id`) ON DELETE CASCADE,
  ADD CONSTRAINT `film_paese_ibfk_2` FOREIGN KEY (`paese`) REFERENCES `paese` (`iso_3166_1`);

--
-- Constraints for table `i_collezione`
--
ALTER TABLE `i_collezione`
  ADD CONSTRAINT `i_collezione_ibfk_1` FOREIGN KEY (`id`) REFERENCES `collezione` (`id`) ON DELETE CASCADE;

--
-- Constraints for table `i_film`
--
ALTER TABLE `i_film`
  ADD CONSTRAINT `i_film_ibfk_1` FOREIGN KEY (`id`) REFERENCES `film` (`id`) ON DELETE CASCADE;

--
-- Constraints for table `i_genere`
--
ALTER TABLE `i_genere`
  ADD CONSTRAINT `i_genere_ibfk_1` FOREIGN KEY (`id`) REFERENCES `genere` (`id`) ON DELETE CASCADE;

--
-- Constraints for table `i_persona`
--
ALTER TABLE `i_persona`
  ADD CONSTRAINT `i_persona_ibfk_1` FOREIGN KEY (`id`) REFERENCES `persona` (`id`) ON DELETE CASCADE;

--
-- Constraints for table `lista`
--
ALTER TABLE `lista`
  ADD CONSTRAINT `lista_ibfk_1` FOREIGN KEY (`utente`) REFERENCES `utente` (`id`) ON DELETE CASCADE;

--
-- Constraints for table `lista_collezione`
--
ALTER TABLE `lista_collezione`
  ADD CONSTRAINT `lista_collezione_ibfk_1` FOREIGN KEY (`lista`) REFERENCES `lista` (`id`) ON DELETE CASCADE,
  ADD CONSTRAINT `lista_collezione_ibfk_2` FOREIGN KEY (`collezione`) REFERENCES `collezione` (`id`) ON DELETE CASCADE;

--
-- Constraints for table `lista_film`
--
ALTER TABLE `lista_film`
  ADD CONSTRAINT `lista_film_ibfk_1` FOREIGN KEY (`lista`) REFERENCES `lista` (`id`) ON DELETE CASCADE,
  ADD CONSTRAINT `lista_film_ibfk_2` FOREIGN KEY (`film`) REFERENCES `film` (`id`) ON DELETE CASCADE;

--
-- Constraints for table `persona`
--
ALTER TABLE `persona`
  ADD CONSTRAINT `persona_ibfk_1` FOREIGN KEY (`gender`) REFERENCES `gender` (`id`);

--
-- Constraints for table `utente`
--
ALTER TABLE `utente`
  ADD CONSTRAINT `utente_ibfk_1` FOREIGN KEY (`gender`) REFERENCES `gender` (`id`);

--
-- Constraints for table `valutazione`
--
ALTER TABLE `valutazione`
  ADD CONSTRAINT `valutazione_ibfk_1` FOREIGN KEY (`utente`) REFERENCES `utente` (`id`) ON DELETE CASCADE,
  ADD CONSTRAINT `valutazione_ibfk_2` FOREIGN KEY (`film`) REFERENCES `film` (`id`) ON DELETE CASCADE;
COMMIT;

/*!40101 SET CHARACTER_SET_CLIENT=@OLD_CHARACTER_SET_CLIENT */;
/*!40101 SET CHARACTER_SET_RESULTS=@OLD_CHARACTER_SET_RESULTS */;
/*!40101 SET COLLATION_CONNECTION=@OLD_COLLATION_CONNECTION */;
